{
  "type": "FeatureCollection",
  "generator": "overpass-turbo",
  "copyright": "The data included in this document is from www.openstreetmap.org. The data is made available under ODbL.",
  "timestamp": "2025-12-12T20:10:42Z",
  "features": [
    {
      "type": "Feature",
      "properties": {
        "@id": "relation/7117887",
        "admin_level": "8",
        "boundary": "administrative",
        "name": "Dombivali",
        "type": "boundary"
      },
      "geometry": {
        "type": "Polygon",
        "coordinates": [
          [
            [
              73.1220363,
              19.2020313
            ],
            [
              73.1200432,
              19.2129495
            ],
            [
              73.1189274,
              19.2179745
            ],
            [
              73.121202,
              19.2208517
            ],
            [
              73.1212449,
              19.2222294
            ],
            [
              73.1219315,
              19.2234451
            ],
            [
              73.1230044,
              19.2245798
            ],
            [
              73.1236052,
              19.2257954
            ],
            [
              73.1236052,
              19.2270111
            ],
            [
              73.1233906,
              19.227862
            ],
            [
              73.1224894,
              19.2289966
            ],
            [
              73.1215024,
              19.2300096
            ],
            [
              73.1202149,
              19.2311037
            ],
            [
              73.1179462,
              19.232206
            ],
            [
              73.1170392,
              19.2331702
            ],
            [
              73.1161809,
              19.234791
            ],
            [
              73.1153226,
              19.2370196
            ],
            [
              73.1163954,
              19.2404637
            ],
            [
              73.1172537,
              19.2436646
            ],
            [
              73.1175112,
              19.2445155
            ],
            [
              73.1153547,
              19.2448682
            ],
            [
              73.1146252,
              19.2436527
            ],
            [
              73.1138956,
              19.2423156
            ],
            [
              73.1118209,
              19.2400303
            ],
            [
              73.1113207,
              19.2394794
            ],
            [
              73.1103346,
              19.2386239
            ],
            [
              73.108145,
              19.2367241
            ],
            [
              73.1063425,
              19.2350223
            ],
            [
              73.1044542,
              19.2342929
            ],
            [
              73.1014502,
              19.234536
            ],
            [
              73.0987036,
              19.2368051
            ],
            [
              73.0952704,
              19.2400466
            ],
            [
              73.0832541,
              19.2458001
            ],
            [
              73.0724823,
              19.2405734
            ],
            [
              73.0642426,
              19.2306866
            ],
            [
              73.062011,
              19.2075072
            ],
            [
              73.0360901,
              19.2019955
            ],
            [
              73.0364334,
              19.1857836
            ],
            [
              73.0408966,
              19.1745964
            ],
            [
              73.0611527,
              19.1802712
            ],
            [
              73.0675041,
              19.1736236
            ],
            [
              73.0732744,
              19.15387
            ],
            [
              73.0757932,
              19.1452466
            ],
            [
              73.0762246,
              19.1444013
            ],
            [
              73.0766307,
              19.1436054
            ],
            [
              73.0771172,
              19.1426522
            ],
            [
              73.083297,
              19.145409
            ],
            [
              73.0994761,
              19.1495848
            ],
            [
              73.0953562,
              19.1776365
            ],
            [
              73.1065142,
              19.1923901
            ],
            [
              73.1200932,
              19.2011494
            ],
            [
              73.1220363,
              19.2020313
            ]
          ]
        ]
      },
      "id": "relation/7117887"
    },
    {
      "type": "Feature",
      "properties": {
        "@id": "relation/7119985",
        "admin_level": "8",
        "boundary": "administrative",
        "name": "Kulgaon Badlapur",
        "type": "boundary",
        "wikidata": "Q588612",
        "wikipedia": "en:Badlapur"
      },
      "geometry": {
        "type": "Polygon",
        "coordinates": [
          [
            [
              73.2289784,
              19.1918962
            ],
            [
              73.2292628,
              19.1910804
            ],
            [
              73.2298529,
              19.1909284
            ],
            [
              73.2311511,
              19.1877315
            ],
            [
              73.2313227,
              19.1861913
            ],
            [
              73.2328892,
              19.1861913
            ],
            [
              73.2334685,
              19.184185
            ],
            [
              73.2318766,
              19.1842035
            ],
            [
              73.2275247,
              19.1832933
            ],
            [
              73.2228148,
              19.1826449
            ],
            [
              73.2211304,
              19.1812261
            ],
            [
              73.2218707,
              19.1803749
            ],
            [
              73.219403,
              19.1801925
            ],
            [
              73.2196391,
              19.1781456
            ],
            [
              73.2176006,
              19.1784091
            ],
            [
              73.2163774,
              19.1790171
            ],
            [
              73.2145213,
              19.1785713
            ],
            [
              73.2131696,
              19.1760074
            ],
            [
              73.2140922,
              19.1742442
            ],
            [
              73.2137596,
              19.1736463
            ],
            [
              73.212719,
              19.1745077
            ],
            [
              73.2114636,
              19.1747105
            ],
            [
              73.2094573,
              19.1724911
            ],
            [
              73.2099509,
              19.1712953
            ],
            [
              73.2095432,
              19.1708292
            ],
            [
              73.213148,
              19.1675052
            ],
            [
              73.2142638,
              19.1636542
            ],
            [
              73.2150364,
              19.1608166
            ],
            [
              73.2135772,
              19.1611612
            ],
            [
              73.2109165,
              19.157675
            ],
            [
              73.2105949,
              19.1565005
            ],
            [
              73.2085132,
              19.1488981
            ],
            [
              73.2065391,
              19.1410329
            ],
            [
              73.2109809,
              19.1425127
            ],
            [
              73.2165384,
              19.143952
            ],
            [
              73.2229113,
              19.1444182
            ],
            [
              73.2260012,
              19.1436682
            ],
            [
              73.2284474,
              19.1436884
            ],
            [
              73.230915,
              19.1445601
            ],
            [
              73.2316661,
              19.1442966
            ],
            [
              73.2353568,
              19.1395531
            ],
            [
              73.2374167,
              19.1378503
            ],
            [
              73.2425022,
              19.1354785
            ],
            [
              73.2453561,
              19.1360663
            ],
            [
              73.2472014,
              19.1361677
            ],
            [
              73.2500338,
              19.1373637
            ],
            [
              73.2499695,
              19.1387017
            ],
            [
              73.2507634,
              19.1388436
            ],
            [
              73.2521581,
              19.1416005
            ],
            [
              73.2530165,
              19.1454925
            ],
            [
              73.2547997,
              19.1473238
            ],
            [
              73.2550736,
              19.1463149
            ],
            [
              73.2558404,
              19.1451765
            ],
            [
              73.2569084,
              19.1447108
            ],
            [
              73.257867,
              19.1442969
            ],
            [
              73.2589898,
              19.1435983
            ],
            [
              73.2595649,
              19.1429774
            ],
            [
              73.2606056,
              19.1415803
            ],
            [
              73.2618999,
              19.1409721
            ],
            [
              73.263123,
              19.1387625
            ],
            [
              73.2638311,
              19.1383571
            ],
            [
              73.2647967,
              19.1396139
            ],
            [
              73.2670069,
              19.1394315
            ],
            [
              73.2676291,
              19.1416005
            ],
            [
              73.2679939,
              19.1420667
            ],
            [
              73.2685518,
              19.1420465
            ],
            [
              73.2688737,
              19.1416005
            ],
            [
              73.2707834,
              19.1406478
            ],
            [
              73.2720279,
              19.1412559
            ],
            [
              73.2714057,
              19.1456547
            ],
            [
              73.2720923,
              19.1512696
            ],
            [
              73.2726502,
              19.1532156
            ],
            [
              73.2777142,
              19.1545331
            ],
            [
              73.2775211,
              19.155729
            ],
            [
              73.2776069,
              19.1689442
            ],
            [
              73.2743239,
              19.1695117
            ],
            [
              73.2716203,
              19.1714574
            ],
            [
              73.2711696,
              19.1724708
            ],
            [
              73.271985,
              19.1752474
            ],
            [
              73.2772207,
              19.1802736
            ],
            [
              73.2765984,
              19.1820571
            ],
            [
              73.2732725,
              19.1836176
            ],
            [
              73.2721567,
              19.1850564
            ],
            [
              73.2697963,
              19.1878126
            ],
            [
              73.2671571,
              19.1877113
            ],
            [
              73.2665562,
              19.1866372
            ],
            [
              73.2638526,
              19.1860089
            ],
            [
              73.2635522,
              19.1861305
            ],
            [
              73.2630157,
              19.1874681
            ],
            [
              73.26087,
              19.1873262
            ],
            [
              73.26087,
              19.1884611
            ],
            [
              73.2567501,
              19.1883192
            ],
            [
              73.2566643,
              19.1880558
            ],
            [
              73.2528019,
              19.1882483
            ],
            [
              73.2487571,
              19.1891298
            ],
            [
              73.2485318,
              19.1884104
            ],
            [
              73.2475126,
              19.1879544
            ],
            [
              73.2469761,
              19.1860089
            ],
            [
              73.2431459,
              19.186931
            ],
            [
              73.2422876,
              19.1874579
            ],
            [
              73.239938,
              19.1875491
            ],
            [
              73.2386613,
              19.1865156
            ],
            [
              73.237288,
              19.1892312
            ],
            [
              73.237524,
              19.1899607
            ],
            [
              73.2359361,
              19.195027
            ],
            [
              73.2289784,
              19.1918962
            ]
          ]
        ]
      },
      "id": "relation/7119985"
    },
    {
      "type": "Feature",
      "properties": {
        "@id": "relation/7120000",
        "admin_level": "8",
        "boundary": "administrative",
        "name": "Thane",
        "name:ar": "تهاني",
        "name:en": "Thane",
        "name:hi": "ठाणे",
        "name:ja": "ターネー",
        "name:mr": "ठाणे",
        "name:pa": "ਥਾਣੇ",
        "type": "boundary",
        "wikidata": "Q207749",
        "wikipedia": "en:Thane"
      },
      "geometry": {
        "type": "Polygon",
        "coordinates": [
          [
            [
              72.9297352,
              19.2862943
            ],
            [
              72.9275679,
              19.2832967
            ],
            [
              72.9294777,
              19.2823043
            ],
            [
              72.931323,
              19.2793472
            ],
            [
              72.9328679,
              19.2754583
            ],
            [
              72.9375672,
              19.2726429
            ],
            [
              72.9372023,
              19.2685311
            ],
            [
              72.9349707,
              19.2696654
            ],
            [
              72.9322886,
              19.2693817
            ],
            [
              72.9288554,
              19.2701514
            ],
            [
              72.9255723,
              19.2692603
            ],
            [
              72.9243922,
              19.2645203
            ],
            [
              72.9226755,
              19.2621504
            ],
            [
              72.9199934,
              19.2622111
            ],
            [
              72.9167962,
              19.2591525
            ],
            [
              72.9146933,
              19.2534601
            ],
            [
              72.9158734,
              19.2506241
            ],
            [
              72.9156589,
              19.2499758
            ],
            [
              72.9112172,
              19.2440604
            ],
            [
              72.9103803,
              19.2439591
            ],
            [
              72.9131698,
              19.2392995
            ],
            [
              72.9156804,
              19.2359567
            ],
            [
              72.9172682,
              19.2328772
            ],
            [
              72.918663,
              19.22765
            ],
            [
              72.9197359,
              19.2224024
            ],
            [
              72.9240703,
              19.2175599
            ],
            [
              72.9250625,
              19.2160101
            ],
            [
              72.9324329,
              19.2078528
            ],
            [
              72.9326842,
              19.2066938
            ],
            [
              72.9353378,
              19.2049319
            ],
            [
              72.9365433,
              19.2039855
            ],
            [
              72.9411622,
              19.2018562
            ],
            [
              72.941367,
              19.1956996
            ],
            [
              72.941724,
              19.1922445
            ],
            [
              72.9416978,
              19.1910551
            ],
            [
              72.9411319,
              19.1900811
            ],
            [
              72.939847,
              19.188974
            ],
            [
              72.9407464,
              19.1886481
            ],
            [
              72.9413343,
              19.1881573
            ],
            [
              72.94194,
              19.1873861
            ],
            [
              72.9422479,
              19.1876548
            ],
            [
              72.9428767,
              19.1878532
            ],
            [
              72.9434392,
              19.1875968
            ],
            [
              72.9442546,
              19.1879767
            ],
            [
              72.944738,
              19.1879683
            ],
            [
              72.9448792,
              19.1880211
            ],
            [
              72.9450318,
              19.1879342
            ],
            [
              72.9457593,
              19.1879285
            ],
            [
              72.9463521,
              19.1877872
            ],
            [
              72.9464482,
              19.1878903
            ],
            [
              72.9465788,
              19.1878007
            ],
            [
              72.9467275,
              19.1880204
            ],
            [
              72.9469571,
              19.1879332
            ],
            [
              72.946874,
              19.1876567
            ],
            [
              72.9472903,
              19.1876354
            ],
            [
              72.9475413,
              19.1878151
            ],
            [
              72.9481166,
              19.1875608
            ],
            [
              72.948139,
              19.1875023
            ],
            [
              72.9486387,
              19.1875888
            ],
            [
              72.9497703,
              19.1887029
            ],
            [
              72.9523677,
              19.186394
            ],
            [
              72.953303,
              19.1847412
            ],
            [
              72.9534477,
              19.184851
            ],
            [
              72.9537316,
              19.1849157
            ],
            [
              72.9544135,
              19.1847782
            ],
            [
              72.9544561,
              19.1848044
            ],
            [
              72.9544595,
              19.1851701
            ],
            [
              72.9549813,
              19.1851776
            ],
            [
              72.955084,
              19.1848693
            ],
            [
              72.955177,
              19.1847606
            ],
            [
              72.9554233,
              19.1846512
            ],
            [
              72.955528,
              19.1843682
            ],
            [
              72.9558557,
              19.1842167
            ],
            [
              72.9558877,
              19.1837988
            ],
            [
              72.9556915,
              19.1835684
            ],
            [
              72.9557866,
              19.1833308
            ],
            [
              72.9564213,
              19.1830071
            ],
            [
              72.9565578,
              19.1827644
            ],
            [
              72.9566637,
              19.1827068
            ],
            [
              72.957343,
              19.1827011
            ],
            [
              72.9575038,
              19.1825905
            ],
            [
              72.9576982,
              19.1826659
            ],
            [
              72.9580208,
              19.1825524
            ],
            [
              72.9581648,
              19.1821675
            ],
            [
              72.9583474,
              19.1821528
            ],
            [
              72.958452,
              19.1819278
            ],
            [
              72.9586574,
              19.1816866
            ],
            [
              72.9585385,
              19.1810504
            ],
            [
              72.958622,
              19.1808092
            ],
            [
              72.95867,
              19.1807584
            ],
            [
              72.9588093,
              19.180858
            ],
            [
              72.9590187,
              19.1808146
            ],
            [
              72.9595604,
              19.1802074
            ],
            [
              72.9596001,
              19.1800619
            ],
            [
              72.9593925,
              19.1797084
            ],
            [
              72.959394,
              19.1794204
            ],
            [
              72.9597466,
              19.1793144
            ],
            [
              72.9597501,
              19.1790616
            ],
            [
              72.9597979,
              19.178933
            ],
            [
              72.9601734,
              19.1789001
            ],
            [
              72.9604985,
              19.1791148
            ],
            [
              72.9607781,
              19.1789015
            ],
            [
              72.9608763,
              19.1790084
            ],
            [
              72.9610622,
              19.1788707
            ],
            [
              72.9615821,
              19.1794789
            ],
            [
              72.9616685,
              19.1794425
            ],
            [
              72.9617324,
              19.1793911
            ],
            [
              72.9618567,
              19.1790107
            ],
            [
              72.9621528,
              19.1786949
            ],
            [
              72.9625495,
              19.1784252
            ],
            [
              72.9626225,
              19.178107
            ],
            [
              72.9625576,
              19.1776151
            ],
            [
              72.9633791,
              19.1768267
            ],
            [
              72.963784,
              19.1766703
            ],
            [
              72.9639722,
              19.1768977
            ],
            [
              72.964487,
              19.1768812
            ],
            [
              72.9657448,
              19.1771438
            ],
            [
              72.9662046,
              19.1774267
            ],
            [
              72.9662862,
              19.1775204
            ],
            [
              72.9667659,
              19.1776556
            ],
            [
              72.9669691,
              19.1779506
            ],
            [
              72.9677638,
              19.1777923
            ],
            [
              72.9680256,
              19.1779136
            ],
            [
              72.9679595,
              19.1775312
            ],
            [
              72.9681556,
              19.1768995
            ],
            [
              72.9684274,
              19.1763224
            ],
            [
              72.9685081,
              19.1760117
            ],
            [
              72.9686761,
              19.1759134
            ],
            [
              72.9690217,
              19.1727562
            ],
            [
              72.9720345,
              19.172718
            ],
            [
              72.9742464,
              19.1742018
            ],
            [
              72.9771448,
              19.1721654
            ],
            [
              72.9803131,
              19.1703446
            ],
            [
              72.9817485,
              19.1703648
            ],
            [
              72.9833794,
              19.1744773
            ],
            [
              72.9850175,
              19.1767671
            ],
            [
              72.9855036,
              19.1774465
            ],
            [
              72.9866946,
              19.1787536
            ],
            [
              72.9951274,
              19.1827259
            ],
            [
              72.9962842,
              19.1891622
            ],
            [
              72.9979499,
              19.1894691
            ],
            [
              72.9993868,
              19.1867993
            ],
            [
              73.0036247,
              19.1859988
            ],
            [
              73.0050731,
              19.1875289
            ],
            [
              73.0082166,
              19.1864447
            ],
            [
              73.0102658,
              19.1843573
            ],
            [
              73.013978,
              19.1754501
            ],
            [
              73.0141282,
              19.1701806
            ],
            [
              73.0163383,
              19.1529318
            ],
            [
              73.0203938,
              19.1504588
            ],
            [
              73.0269384,
              19.1424924
            ],
            [
              73.036015,
              19.1338567
            ],
            [
              73.0498928,
              19.1316484
            ],
            [
              73.0617428,
              19.1348906
            ],
            [
              73.0625474,
              19.1471345
            ],
            [
              73.0628693,
              19.1472156
            ],
            [
              73.0667531,
              19.1439824
            ],
            [
              73.0735874,
              19.1428776
            ],
            [
              73.0759906,
              19.1438303
            ],
            [
              73.0758155,
              19.1449865
            ],
            [
              73.0755776,
              19.1461159
            ],
            [
              73.0753416,
              19.1486142
            ],
            [
              73.0751485,
              19.1509251
            ],
            [
              73.0748319,
              19.1519183
            ],
            [
              73.0745798,
              19.1527088
            ],
            [
              73.0740702,
              19.1530382
            ],
            [
              73.073759,
              19.1536108
            ],
            [
              73.0733192,
              19.1551108
            ],
            [
              73.0731583,
              19.1566006
            ],
            [
              73.0736303,
              19.1579384
            ],
            [
              73.0735659,
              19.1593977
            ],
            [
              73.0734587,
              19.1622151
            ],
            [
              73.0725924,
              19.164353
            ],
            [
              73.0725574,
              19.1644649
            ],
            [
              73.0714845,
              19.1661472
            ],
            [
              73.0707764,
              19.1673025
            ],
            [
              73.0704188,
              19.1691429
            ],
            [
              73.0699103,
              19.1699205
            ],
            [
              73.0698503,
              19.1704449
            ],
            [
              73.0699373,
              19.1708701
            ],
            [
              73.0712914,
              19.171275
            ],
            [
              73.0717206,
              19.1714067
            ],
            [
              73.0718493,
              19.1717614
            ],
            [
              73.0719137,
              19.1721668
            ],
            [
              73.0714416,
              19.1725012
            ],
            [
              73.0702748,
              19.1725214
            ],
            [
              73.0685931,
              19.1732182
            ],
            [
              73.0679038,
              19.1735374
            ],
            [
              73.0676386,
              19.1739402
            ],
            [
              73.0675515,
              19.1741434
            ],
            [
              73.0675659,
              19.1743467
            ],
            [
              73.0680254,
              19.1752997
            ],
            [
              73.0680942,
              19.1764635
            ],
            [
              73.0697572,
              19.1781557
            ],
            [
              73.0676114,
              19.1809323
            ],
            [
              73.0677724,
              19.181976
            ],
            [
              73.0673218,
              19.1830501
            ],
            [
              73.0676436,
              19.1840431
            ],
            [
              73.0687809,
              19.1846309
            ],
            [
              73.0706906,
              19.1863129
            ],
            [
              73.0735874,
              19.1849754
            ],
            [
              73.0770635,
              19.1850767
            ],
            [
              73.0768489,
              19.1866777
            ],
            [
              73.0768919,
              19.1883192
            ],
            [
              73.0757975,
              19.1895757
            ],
            [
              73.0742955,
              19.1899404
            ],
            [
              73.0727505,
              19.189981
            ],
            [
              73.0706262,
              19.1905484
            ],
            [
              73.0709481,
              19.1917035
            ],
            [
              73.0707121,
              19.1964658
            ],
            [
              73.0688667,
              19.1968508
            ],
            [
              73.0669784,
              19.1969116
            ],
            [
              73.0662274,
              19.197783
            ],
            [
              73.0651974,
              19.198634
            ],
            [
              73.0646181,
              19.1995865
            ],
            [
              73.0622792,
              19.2005389
            ],
            [
              73.0618071,
              19.2008226
            ],
            [
              73.0612277,
              19.2031328
            ],
            [
              73.049912,
              19.2011899
            ],
            [
              73.0350494,
              19.1994852
            ],
            [
              73.0294704,
              19.19908
            ],
            [
              73.0260372,
              19.1999715
            ],
            [
              73.0247497,
              19.2005592
            ],
            [
              73.0217457,
              19.2043688
            ],
            [
              73.0186772,
              19.2110961
            ],
            [
              73.016746,
              19.2136087
            ],
            [
              73.0091285,
              19.2228482
            ],
            [
              73.0034315,
              19.2293215
            ],
            [
              73.0020045,
              19.2373344
            ],
            [
              72.9988932,
              19.2539869
            ],
            [
              72.9953955,
              19.2621099
            ],
            [
              72.992649,
              19.2643989
            ],
            [
              72.9911899,
              19.2717719
            ],
            [
              72.9905032,
              19.2767141
            ],
            [
              72.9884433,
              19.280846
            ],
            [
              72.9849242,
              19.2841677
            ],
            [
              72.9811477,
              19.2887045
            ],
            [
              72.9761695,
              19.2908108
            ],
            [
              72.9670715,
              19.297089
            ],
            [
              72.9616642,
              19.2993572
            ],
            [
              72.9581022,
              19.2993572
            ],
            [
              72.9559618,
              19.3001875
            ],
            [
              72.9487842,
              19.2982332
            ],
            [
              72.9439348,
              19.296927
            ],
            [
              72.9408503,
              19.2941271
            ],
            [
              72.9380071,
              19.2892208
            ],
            [
              72.9358515,
              19.2881933
            ],
            [
              72.933147,
              19.286998
            ],
            [
              72.9306069,
              19.2881626
            ],
            [
              72.9291987,
              19.2867398
            ],
            [
              72.9297352,
              19.2862943
            ]
          ],
          [
            [
              72.9721558,
              19.1823985
            ],
            [
              72.9722017,
              19.1824007
            ],
            [
              72.9722086,
              19.1823747
            ],
            [
              72.9722498,
              19.1823769
            ],
            [
              72.972243,
              19.1824029
            ],
            [
              72.9722728,
              19.182405
            ],
            [
              72.9723072,
              19.1821148
            ],
            [
              72.9722728,
              19.1821191
            ],
            [
              72.9722705,
              19.1821473
            ],
            [
              72.9722476,
              19.1821451
            ],
            [
              72.972243,
              19.1821148
            ],
            [
              72.9722017,
              19.1821126
            ],
            [
              72.9721925,
              19.1821841
            ],
            [
              72.9721604,
              19.1821928
            ],
            [
              72.9721444,
              19.1822859
            ],
            [
              72.9721765,
              19.1822924
            ],
            [
              72.9721558,
              19.1823985
            ]
          ]
        ]
      },
      "id": "relation/7120000"
    },
    {
      "type": "Feature",
      "properties": {
        "@id": "relation/13180677",
        "admin_level": "8",
        "boundary": "administrative",
        "name": "Mira-Bhayander",
        "type": "boundary",
        "wikidata": "Q1006343"
      },
      "geometry": {
        "type": "Polygon",
        "coordinates": [
          [
            [
              72.8987539,
              19.2512679
            ],
            [
              72.9015827,
              19.2499555
            ],
            [
              72.9055408,
              19.2491659
            ],
            [
              72.9055343,
              19.2396691
            ],
            [
              72.9106378,
              19.2353286
            ],
            [
              72.9150651,
              19.230718
            ],
            [
              72.9174185,
              19.2346803
            ],
            [
              72.9103803,
              19.2439591
            ],
            [
              72.9112172,
              19.2440604
            ],
            [
              72.9156589,
              19.2499758
            ],
            [
              72.9158734,
              19.2506241
            ],
            [
              72.9146933,
              19.2534601
            ],
            [
              72.9167962,
              19.2591525
            ],
            [
              72.9199934,
              19.2622111
            ],
            [
              72.9226755,
              19.2621504
            ],
            [
              72.9243922,
              19.2645203
            ],
            [
              72.9255723,
              19.2692603
            ],
            [
              72.9288554,
              19.2701514
            ],
            [
              72.9322886,
              19.2693817
            ],
            [
              72.9349707,
              19.2696654
            ],
            [
              72.9372023,
              19.2685311
            ],
            [
              72.9375672,
              19.2726429
            ],
            [
              72.9328679,
              19.2754583
            ],
            [
              72.931323,
              19.2793472
            ],
            [
              72.9294777,
              19.2823043
            ],
            [
              72.9275679,
              19.2832967
            ],
            [
              72.9297352,
              19.2862943
            ],
            [
              72.9291987,
              19.2867398
            ],
            [
              72.9306069,
              19.2881626
            ],
            [
              72.9296601,
              19.2886335
            ],
            [
              72.9260659,
              19.2892512
            ],
            [
              72.9232335,
              19.2898892
            ],
            [
              72.9166353,
              19.2889373
            ],
            [
              72.9098654,
              19.2887753
            ],
            [
              72.9082024,
              19.2888057
            ],
            [
              72.9030633,
              19.2895044
            ],
            [
              72.8967762,
              19.2936967
            ],
            [
              72.8957999,
              19.2942942
            ],
            [
              72.8887403,
              19.3021722
            ],
            [
              72.8805005,
              19.3107991
            ],
            [
              72.8760052,
              19.3156794
            ],
            [
              72.8720784,
              19.321896
            ],
            [
              72.8608346,
              19.3260065
            ],
            [
              72.8565001,
              19.326452
            ],
            [
              72.849977,
              19.326209
            ],
            [
              72.8394413,
              19.3270189
            ],
            [
              72.8311586,
              19.3283351
            ],
            [
              72.8250512,
              19.3259829
            ],
            [
              72.8259515,
              19.322352
            ],
            [
              72.8295869,
              19.3127381
            ],
            [
              72.8296459,
              19.3124444
            ],
            [
              72.8293178,
              19.3123002
            ],
            [
              72.8278059,
              19.31168
            ],
            [
              72.8268886,
              19.311113
            ],
            [
              72.8253758,
              19.3098524
            ],
            [
              72.8239703,
              19.3085817
            ],
            [
              72.8222161,
              19.3074173
            ],
            [
              72.8202796,
              19.3062123
            ],
            [
              72.8187454,
              19.3053517
            ],
            [
              72.8179514,
              19.3050428
            ],
            [
              72.8172648,
              19.3044809
            ],
            [
              72.8166372,
              19.3035847
            ],
            [
              72.816267,
              19.3034961
            ],
            [
              72.8159022,
              19.3036531
            ],
            [
              72.8156917,
              19.3039992
            ],
            [
              72.8155924,
              19.3040568
            ],
            [
              72.8155033,
              19.3040366
            ],
            [
              72.8154677,
              19.3040075
            ],
            [
              72.8155106,
              19.3038429
            ],
            [
              72.8157306,
              19.3031848
            ],
            [
              72.8157252,
              19.3028861
            ],
            [
              72.8154731,
              19.3027645
            ],
            [
              72.8150117,
              19.3029468
            ],
            [
              72.8141642,
              19.3029519
            ],
            [
              72.8123295,
              19.3028152
            ],
            [
              72.8110689,
              19.303043
            ],
            [
              72.8107631,
              19.3030936
            ],
            [
              72.8106773,
              19.3030126
            ],
            [
              72.8105485,
              19.3023241
            ],
            [
              72.8099953,
              19.3021616
            ],
            [
              72.8098297,
              19.3027595
            ],
            [
              72.8096795,
              19.3029012
            ],
            [
              72.8094006,
              19.3028962
            ],
            [
              72.8093013,
              19.3027494
            ],
            [
              72.8092691,
              19.3025772
            ],
            [
              72.8086442,
              19.3026582
            ],
            [
              72.8085369,
              19.3029519
            ],
            [
              72.8077161,
              19.3034784
            ],
            [
              72.8034675,
              19.3038936
            ],
            [
              72.8030062,
              19.3035797
            ],
            [
              72.8025341,
              19.3036101
            ],
            [
              72.8023195,
              19.3038733
            ],
            [
              72.7981889,
              19.305463
            ],
            [
              72.7976632,
              19.3054529
            ],
            [
              72.7972368,
              19.3056199
            ],
            [
              72.7970624,
              19.3058934
            ],
            [
              72.7967298,
              19.3060908
            ],
            [
              72.7958178,
              19.3063592
            ],
            [
              72.7952921,
              19.306106
            ],
            [
              72.7948254,
              19.3064376
            ],
            [
              72.7941871,
              19.3074729
            ],
            [
              72.7939537,
              19.3078577
            ],
            [
              72.7937113,
              19.3083178
            ],
            [
              72.793825,
              19.3087184
            ],
            [
              72.7940359,
              19.3090665
            ],
            [
              72.7940044,
              19.3090845
            ],
            [
              72.793825,
              19.3091993
            ],
            [
              72.7937686,
              19.3091107
            ],
            [
              72.7936855,
              19.3091689
            ],
            [
              72.7935594,
              19.3094499
            ],
            [
              72.7930069,
              19.3096803
            ],
            [
              72.7924785,
              19.3100119
            ],
            [
              72.7919984,
              19.3099081
            ],
            [
              72.7915692,
              19.3097967
            ],
            [
              72.7911991,
              19.3094828
            ],
            [
              72.7908236,
              19.3094474
            ],
            [
              72.7906144,
              19.3094119
            ],
            [
              72.7902281,
              19.3093968
            ],
            [
              72.7899009,
              19.3091436
            ],
            [
              72.7896327,
              19.3090272
            ],
            [
              72.7893591,
              19.308769
            ],
            [
              72.7889621,
              19.3086475
            ],
            [
              72.7886617,
              19.308526
            ],
            [
              72.7880663,
              19.3078526
            ],
            [
              72.7879429,
              19.3076552
            ],
            [
              72.7875513,
              19.3075793
            ],
            [
              72.7870095,
              19.3067945
            ],
            [
              72.7865428,
              19.306506
            ],
            [
              72.7862533,
              19.3063501
            ],
            [
              72.786196,
              19.306239
            ],
            [
              72.7861991,
              19.3060951
            ],
            [
              72.7861684,
              19.306131
            ],
            [
              72.7861059,
              19.306123
            ],
            [
              72.7861131,
              19.305975
            ],
            [
              72.7860978,
              19.3058316
            ],
            [
              72.7860531,
              19.3058013
            ],
            [
              72.786027,
              19.3057253
            ],
            [
              72.7859632,
              19.3056004
            ],
            [
              72.7858985,
              19.3053791
            ],
            [
              72.7859492,
              19.3052249
            ],
            [
              72.7859031,
              19.3050549
            ],
            [
              72.7861994,
              19.3047239
            ],
            [
              72.7861136,
              19.3043087
            ],
            [
              72.7859205,
              19.3040353
            ],
            [
              72.7855772,
              19.3039847
            ],
            [
              72.7853092,
              19.3038587
            ],
            [
              72.7850193,
              19.3031594
            ],
            [
              72.784971,
              19.3025671
            ],
            [
              72.7846599,
              19.3022684
            ],
            [
              72.7844775,
              19.3018684
            ],
            [
              72.784551,
              19.3014992
            ],
            [
              72.7844989,
              19.3010077
            ],
            [
              72.7846706,
              19.3007166
            ],
            [
              72.7845579,
              19.2991572
            ],
            [
              72.7844667,
              19.2967194
            ],
            [
              72.7845311,
              19.2948866
            ],
            [
              72.7845258,
              19.29316
            ],
            [
              72.7845472,
              19.2916917
            ],
            [
              72.7844721,
              19.2903398
            ],
            [
              72.7843434,
              19.2894386
            ],
            [
              72.7841824,
              19.2883449
            ],
            [
              72.7840805,
              19.2878234
            ],
            [
              72.7838284,
              19.2868259
            ],
            [
              72.7839518,
              19.2855955
            ],
            [
              72.7839947,
              19.2849626
            ],
            [
              72.784009,
              19.2843344
            ],
            [
              72.7840108,
              19.2840714
            ],
            [
              72.7839054,
              19.2826248
            ],
            [
              72.7840364,
              19.2819949
            ],
            [
              72.7840376,
              19.281722
            ],
            [
              72.7840161,
              19.2812511
            ],
            [
              72.7833266,
              19.2800786
            ],
            [
              72.7831464,
              19.2797015
            ],
            [
              72.7829319,
              19.2793876
            ],
            [
              72.7827602,
              19.2791445
            ],
            [
              72.7828138,
              19.2790331
            ],
            [
              72.7827387,
              19.2789217
            ],
            [
              72.7826422,
              19.2788205
            ],
            [
              72.7825027,
              19.2787698
            ],
            [
              72.7822881,
              19.2789622
            ],
            [
              72.7820736,
              19.2791445
            ],
            [
              72.7819555,
              19.2792256
            ],
            [
              72.7818912,
              19.2793066
            ],
            [
              72.7818697,
              19.2794686
            ],
            [
              72.781741,
              19.2793977
            ],
            [
              72.7815908,
              19.2792661
            ],
            [
              72.7813762,
              19.279185
            ],
            [
              72.7812229,
              19.2792494
            ],
            [
              72.781065,
              19.2792559
            ],
            [
              72.7808612,
              19.2792661
            ],
            [
              72.7807646,
              19.2794281
            ],
            [
              72.7806359,
              19.2795294
            ],
            [
              72.7805179,
              19.2796509
            ],
            [
              72.7804213,
              19.27958
            ],
            [
              72.7803462,
              19.279499
            ],
            [
              72.7802175,
              19.2796306
            ],
            [
              72.7801102,
              19.2795901
            ],
            [
              72.7800243,
              19.2797117
            ],
            [
              72.7798634,
              19.2796104
            ],
            [
              72.7797669,
              19.2794889
            ],
            [
              72.7796596,
              19.279499
            ],
            [
              72.779563,
              19.27958
            ],
            [
              72.779445,
              19.2795192
            ],
            [
              72.7792948,
              19.2794483
            ],
            [
              72.7792519,
              19.2793572
            ],
            [
              72.7791768,
              19.2792154
            ],
            [
              72.7790802,
              19.2790939
            ],
            [
              72.7790158,
              19.2789926
            ],
            [
              72.7788442,
              19.2789319
            ],
            [
              72.7787047,
              19.2788002
            ],
            [
              72.7786189,
              19.2786382
            ],
            [
              72.7786725,
              19.2785673
            ],
            [
              72.7787798,
              19.2786179
            ],
            [
              72.7788334,
              19.2787091
            ],
            [
              72.7789837,
              19.2786888
            ],
            [
              72.7790943,
              19.2786032
            ],
            [
              72.7791982,
              19.2785572
            ],
            [
              72.779209,
              19.2783749
            ],
            [
              72.7792948,
              19.2781824
            ],
            [
              72.7792626,
              19.2780305
            ],
            [
              72.7792411,
              19.2778989
            ],
            [
              72.7792197,
              19.2777368
            ],
            [
              72.7792353,
              19.2776057
            ],
            [
              72.7793484,
              19.2776963
            ],
            [
              72.7793913,
              19.2776052
            ],
            [
              72.7793055,
              19.2775039
            ],
            [
              72.7792626,
              19.2773723
            ],
            [
              72.7792841,
              19.277271
            ],
            [
              72.7793592,
              19.2772204
            ],
            [
              72.7794557,
              19.2772811
            ],
            [
              72.7795416,
              19.2773925
            ],
            [
              72.7795308,
              19.2772204
            ],
            [
              72.7795094,
              19.2770988
            ],
            [
              72.7795845,
              19.2770279
            ],
            [
              72.7797239,
              19.2769469
            ],
            [
              72.7798205,
              19.276795
            ],
            [
              72.7799171,
              19.2766431
            ],
            [
              72.7800565,
              19.2764608
            ],
            [
              72.7802067,
              19.2761671
            ],
            [
              72.7803355,
              19.2759139
            ],
            [
              72.780432,
              19.2754582
            ],
            [
              72.7805715,
              19.2748809
            ],
            [
              72.7806359,
              19.2746278
            ],
            [
              72.7806681,
              19.2744353
            ],
            [
              72.780711,
              19.2742834
            ],
            [
              72.7806895,
              19.2741821
            ],
            [
              72.7804642,
              19.2741112
            ],
            [
              72.7801769,
              19.274028
            ],
            [
              72.7800458,
              19.2738378
            ],
            [
              72.7801531,
              19.2737467
            ],
            [
              72.7803891,
              19.2738176
            ],
            [
              72.7805608,
              19.2738378
            ],
            [
              72.7806574,
              19.2737467
            ],
            [
              72.7807539,
              19.2734935
            ],
            [
              72.780829,
              19.2732099
            ],
            [
              72.7807754,
              19.2729162
            ],
            [
              72.7808505,
              19.2726124
            ],
            [
              72.7809578,
              19.272268
            ],
            [
              72.7811938,
              19.2719136
            ],
            [
              72.7813011,
              19.2717819
            ],
            [
              72.7813333,
              19.271711
            ],
            [
              72.7812904,
              19.2716401
            ],
            [
              72.7813333,
              19.2715692
            ],
            [
              72.7814942,
              19.2715794
            ],
            [
              72.7815693,
              19.271468
            ],
            [
              72.7815371,
              19.2713667
            ],
            [
              72.7815157,
              19.2712249
            ],
            [
              72.7815157,
              19.2710628
            ],
            [
              72.7815157,
              19.2709413
            ],
            [
              72.7815264,
              19.2708502
            ],
            [
              72.7813762,
              19.2708704
            ],
            [
              72.7812367,
              19.2707185
            ],
            [
              72.7810758,
              19.2705261
            ],
            [
              72.7810114,
              19.2703134
            ],
            [
              72.7810329,
              19.2701108
            ],
            [
              72.7811723,
              19.2700602
            ],
            [
              72.781344,
              19.2699488
            ],
            [
              72.7814513,
              19.2698171
            ],
            [
              72.7815693,
              19.2696754
            ],
            [
              72.781741,
              19.2695032
            ],
            [
              72.7818912,
              19.2693108
            ],
            [
              72.7821057,
              19.2692399
            ],
            [
              72.7822023,
              19.2690677
            ],
            [
              72.7822989,
              19.2689765
            ],
            [
              72.782492,
              19.2689867
            ],
            [
              72.7826958,
              19.2689259
            ],
            [
              72.7829641,
              19.269017
            ],
            [
              72.7831035,
              19.2691386
            ],
            [
              72.783243,
              19.2691487
            ],
            [
              72.7833825,
              19.2689765
            ],
            [
              72.7835112,
              19.2687132
            ],
            [
              72.7836078,
              19.2683385
            ],
            [
              72.7837151,
              19.2679739
            ],
            [
              72.7838891,
              19.2675088
            ],
            [
              72.7841013,
              19.2670928
            ],
            [
              72.7842193,
              19.266799
            ],
            [
              72.7842301,
              19.2665762
            ],
            [
              72.784391,
              19.2663332
            ],
            [
              72.7846377,
              19.2663129
            ],
            [
              72.7848416,
              19.2664041
            ],
            [
              72.7849811,
              19.2664851
            ],
            [
              72.7851527,
              19.2664952
            ],
            [
              72.7853137,
              19.2663939
            ],
            [
              72.7854317,
              19.2661812
            ],
            [
              72.7854531,
              19.2659888
            ],
            [
              72.7854853,
              19.2656343
            ],
            [
              72.7854853,
              19.2654318
            ],
            [
              72.7853888,
              19.2652596
            ],
            [
              72.7851849,
              19.2651887
            ],
            [
              72.7849811,
              19.2651381
            ],
            [
              72.7848094,
              19.2651077
            ],
            [
              72.7846679,
              19.265047
            ],
            [
              72.7845982,
              19.2650217
            ],
            [
              72.7844319,
              19.2650394
            ],
            [
              72.7842736,
              19.2650622
            ],
            [
              72.783994,
              19.2650469
            ],
            [
              72.7838814,
              19.2650039
            ],
            [
              72.7837151,
              19.2648545
            ],
            [
              72.7843501,
              19.2647904
            ],
            [
              72.7845016,
              19.2647592
            ],
            [
              72.7865911,
              19.2638955
            ],
            [
              72.787062,
              19.2637042
            ],
            [
              72.7874129,
              19.2635688
            ],
            [
              72.7883112,
              19.263206
            ],
            [
              72.7898601,
              19.2614731
            ],
            [
              72.7899323,
              19.2614429
            ],
            [
              72.7900783,
              19.2614865
            ],
            [
              72.7913211,
              19.2615103
            ],
            [
              72.7919203,
              19.2617
            ],
            [
              72.792068,
              19.2617077
            ],
            [
              72.7922692,
              19.2617733
            ],
            [
              72.7922952,
              19.2617467
            ],
            [
              72.7923419,
              19.2617762
            ],
            [
              72.7924007,
              19.2617446
            ],
            [
              72.7924946,
              19.2617563
            ],
            [
              72.7926057,
              19.2617787
            ],
            [
              72.7926194,
              19.2617699
            ],
            [
              72.7944313,
              19.2619794
            ],
            [
              72.7946599,
              19.2620187
            ],
            [
              72.7950474,
              19.2620758
            ],
            [
              72.7961021,
              19.2622252
            ],
            [
              72.7961008,
              19.2622209
            ],
            [
              72.7963475,
              19.2622184
            ],
            [
              72.7978697,
              19.2622095
            ],
            [
              72.798825,
              19.2622078
            ],
            [
              72.7989755,
              19.2622148
            ],
            [
              72.7994004,
              19.2622061
            ],
            [
              72.7997222,
              19.2622689
            ],
            [
              72.7998405,
              19.2619511
            ],
            [
              72.7999131,
              19.2619712
            ],
            [
              72.800221,
              19.2618718
            ],
            [
              72.8005748,
              19.2612783
            ],
            [
              72.8008568,
              19.2611692
            ],
            [
              72.800891,
              19.2610829
            ],
            [
              72.800617,
              19.2604946
            ],
            [
              72.8006905,
              19.2603348
            ],
            [
              72.8007602,
              19.2600706
            ],
            [
              72.8007862,
              19.2599191
            ],
            [
              72.8008502,
              19.2595392
            ],
            [
              72.8008574,
              19.2593298
            ],
            [
              72.8008065,
              19.2588232
            ],
            [
              72.8010351,
              19.2588755
            ],
            [
              72.8016629,
              19.2590609
            ],
            [
              72.8024188,
              19.2588972
            ],
            [
              72.8026057,
              19.2588224
            ],
            [
              72.8028348,
              19.2586998
            ],
            [
              72.8031421,
              19.2585177
            ],
            [
              72.8033442,
              19.2583732
            ],
            [
              72.803537,
              19.2582459
            ],
            [
              72.8038085,
              19.2580201
            ],
            [
              72.8040568,
              19.2578243
            ],
            [
              72.8042679,
              19.2576843
            ],
            [
              72.8044376,
              19.2575826
            ],
            [
              72.8046399,
              19.2574295
            ],
            [
              72.8048837,
              19.257225
            ],
            [
              72.8056192,
              19.2566634
            ],
            [
              72.80589,
              19.2564852
            ],
            [
              72.8063489,
              19.2561925
            ],
            [
              72.8066612,
              19.2559759
            ],
            [
              72.8069093,
              19.2557931
            ],
            [
              72.8071486,
              19.2555928
            ],
            [
              72.8074616,
              19.2553157
            ],
            [
              72.8078436,
              19.2549919
            ],
            [
              72.80824,
              19.2546077
            ],
            [
              72.808549,
              19.254296
            ],
            [
              72.8088345,
              19.2540358
            ],
            [
              72.8093138,
              19.2535749
            ],
            [
              72.8095951,
              19.2532974
            ],
            [
              72.8100006,
              19.252909
            ],
            [
              72.8105438,
              19.2524315
            ],
            [
              72.8109444,
              19.2520733
            ],
            [
              72.8111887,
              19.2518386
            ],
            [
              72.8114239,
              19.2515951
            ],
            [
              72.811641,
              19.2513514
            ],
            [
              72.8119041,
              19.2510147
            ],
            [
              72.8120992,
              19.2507649
            ],
            [
              72.8123762,
              19.2504614
            ],
            [
              72.8127312,
              19.2501156
            ],
            [
              72.8133614,
              19.2495916
            ],
            [
              72.8139689,
              19.2490674
            ],
            [
              72.8148335,
              19.2483734
            ],
            [
              72.8153249,
              19.2480249
            ],
            [
              72.8157155,
              19.2477314
            ],
            [
              72.8160094,
              19.2475318
            ],
            [
              72.816248,
              19.2473748
            ],
            [
              72.8165185,
              19.2472224
            ],
            [
              72.8166833,
              19.2471423
            ],
            [
              72.8173733,
              19.2469172
            ],
            [
              72.8182271,
              19.2466897
            ],
            [
              72.8189024,
              19.2465465
            ],
            [
              72.8190253,
              19.246535
            ],
            [
              72.8197596,
              19.2464055
            ],
            [
              72.82064,
              19.2462302
            ],
            [
              72.8210644,
              19.2461315
            ],
            [
              72.8220804,
              19.2460226
            ],
            [
              72.8223129,
              19.2459865
            ],
            [
              72.8227647,
              19.2458839
            ],
            [
              72.8231209,
              19.2457844
            ],
            [
              72.8235229,
              19.2456595
            ],
            [
              72.8241803,
              19.2454859
            ],
            [
              72.824623,
              19.2453831
            ],
            [
              72.8258867,
              19.2451259
            ],
            [
              72.8266565,
              19.2450529
            ],
            [
              72.8269664,
              19.2450134
            ],
            [
              72.8272035,
              19.244973
            ],
            [
              72.8274368,
              19.2452221
            ],
            [
              72.8276699,
              19.2454885
            ],
            [
              72.8278666,
              19.2457587
            ],
            [
              72.828421,
              19.2464999
            ],
            [
              72.8287176,
              19.24683
            ],
            [
              72.8288427,
              19.2469583
            ],
            [
              72.8289721,
              19.2470636
            ],
            [
              72.8291765,
              19.2471886
            ],
            [
              72.829755,
              19.2474819
            ],
            [
              72.8300698,
              19.2476584
            ],
            [
              72.8304467,
              19.2478555
            ],
            [
              72.830697,
              19.2479598
            ],
            [
              72.8311986,
              19.2481458
            ],
            [
              72.8313918,
              19.2482053
            ],
            [
              72.8319446,
              19.2483999
            ],
            [
              72.8332963,
              19.2488437
            ],
            [
              72.8343977,
              19.2492845
            ],
            [
              72.8349639,
              19.2495204
            ],
            [
              72.8352186,
              19.2496264
            ],
            [
              72.8359457,
              19.2500224
            ],
            [
              72.8366346,
              19.250506
            ],
            [
              72.8377642,
              19.2513117
            ],
            [
              72.8382966,
              19.2517142
            ],
            [
              72.8385994,
              19.2520386
            ],
            [
              72.8396637,
              19.2537592
            ],
            [
              72.8399697,
              19.2554048
            ],
            [
              72.8378874,
              19.2583945
            ],
            [
              72.8370033,
              19.2598217
            ],
            [
              72.8364424,
              19.2619035
            ],
            [
              72.8366384,
              19.2626022
            ],
            [
              72.8368415,
              19.2631121
            ],
            [
              72.836956,
              19.2633961
            ],
            [
              72.8371952,
              19.2638001
            ],
            [
              72.8372475,
              19.2638828
            ],
            [
              72.8373927,
              19.2641362
            ],
            [
              72.8375498,
              19.2643701
            ],
            [
              72.8378212,
              19.2647147
            ],
            [
              72.8381324,
              19.2651701
            ],
            [
              72.8384325,
              19.265581
            ],
            [
              72.8386456,
              19.2658669
            ],
            [
              72.8387302,
              19.2659733
            ],
            [
              72.8389162,
              19.2661337
            ],
            [
              72.8390295,
              19.2662263
            ],
            [
              72.8390932,
              19.2662415
            ],
            [
              72.8394364,
              19.2665102
            ],
            [
              72.8398076,
              19.2667393
            ],
            [
              72.8400803,
              19.2668887
            ],
            [
              72.8403791,
              19.2670737
            ],
            [
              72.8404661,
              19.2671219
            ],
            [
              72.8407631,
              19.2672064
            ],
            [
              72.84097,
              19.2672561
            ],
            [
              72.8411839,
              19.2673148
            ],
            [
              72.8415339,
              19.2674166
            ],
            [
              72.841671,
              19.2674248
            ],
            [
              72.8424861,
              19.26745
            ],
            [
              72.8428397,
              19.2673733
            ],
            [
              72.8432537,
              19.2672912
            ],
            [
              72.8441499,
              19.2671708
            ],
            [
              72.8446554,
              19.2670814
            ],
            [
              72.8455619,
              19.2669346
            ],
            [
              72.8461045,
              19.2670861
            ],
            [
              72.8461981,
              19.2671073
            ],
            [
              72.8466454,
              19.2672339
            ],
            [
              72.8470762,
              19.2673419
            ],
            [
              72.8476344,
              19.2678557
            ],
            [
              72.8486357,
              19.2685627
            ],
            [
              72.8498821,
              19.2693768
            ],
            [
              72.8500483,
              19.2694771
            ],
            [
              72.8503883,
              19.2693816
            ],
            [
              72.850597,
              19.269063
            ],
            [
              72.8512451,
              19.2680992
            ],
            [
              72.8523637,
              19.2675557
            ],
            [
              72.8532493,
              19.2673865
            ],
            [
              72.856719,
              19.2690769
            ],
            [
              72.858087,
              19.2694244
            ],
            [
              72.8591721,
              19.2689766
            ],
            [
              72.8598807,
              19.2686941
            ],
            [
              72.8602195,
              19.2685354
            ],
            [
              72.8613235,
              19.2676355
            ],
            [
              72.8618978,
              19.2677064
            ],
            [
              72.8622032,
              19.2680812
            ],
            [
              72.8626067,
              19.2685064
            ],
            [
              72.8631849,
              19.2683227
            ],
            [
              72.8634714,
              19.267832
            ],
            [
              72.863792,
              19.2674414
            ],
            [
              72.8647359,
              19.2671717
            ],
            [
              72.8650022,
              19.2669407
            ],
            [
              72.8655508,
              19.2670606
            ],
            [
              72.8660166,
              19.2669612
            ],
            [
              72.8661856,
              19.2665813
            ],
            [
              72.8661442,
              19.2659496
            ],
            [
              72.8657345,
              19.2651714
            ],
            [
              72.8659344,
              19.2646601
            ],
            [
              72.8660678,
              19.2644731
            ],
            [
              72.8670854,
              19.26301
            ],
            [
              72.867127,
              19.2629578
            ],
            [
              72.8674863,
              19.2626237
            ],
            [
              72.8681192,
              19.2620146
            ],
            [
              72.8686257,
              19.2614159
            ],
            [
              72.8688528,
              19.2611411
            ],
            [
              72.8693,
              19.2608936
            ],
            [
              72.86969,
              19.2606818
            ],
            [
              72.8698154,
              19.2606111
            ],
            [
              72.8698514,
              19.2606159
            ],
            [
              72.8699104,
              19.2606659
            ],
            [
              72.8699464,
              19.2608198
            ],
            [
              72.8699802,
              19.2609879
            ],
            [
              72.870105,
              19.2610773
            ],
            [
              72.8708005,
              19.2612049
            ],
            [
              72.8710933,
              19.2611647
            ],
            [
              72.8710914,
              19.2610987
            ],
            [
              72.8714607,
              19.2611625
            ],
            [
              72.8718697,
              19.2612518
            ],
            [
              72.8718944,
              19.2612444
            ],
            [
              72.8721556,
              19.2611941
            ],
            [
              72.8721642,
              19.261195
            ],
            [
              72.8722669,
              19.2611665
            ],
            [
              72.8724717,
              19.2612029
            ],
            [
              72.8726417,
              19.261133
            ],
            [
              72.8726995,
              19.2610656
            ],
            [
              72.8732121,
              19.2608472
            ],
            [
              72.8733292,
              19.2608042
            ],
            [
              72.8738031,
              19.2606913
            ],
            [
              72.873848,
              19.2605825
            ],
            [
              72.8740431,
              19.2606075
            ],
            [
              72.8744902,
              19.2606138
            ],
            [
              72.8748556,
              19.2606791
            ],
            [
              72.8750591,
              19.2607267
            ],
            [
              72.8752063,
              19.260679
            ],
            [
              72.8753414,
              19.2606146
            ],
            [
              72.8757415,
              19.2604458
            ],
            [
              72.8758872,
              19.2605394
            ],
            [
              72.8761072,
              19.2604404
            ],
            [
              72.8768141,
              19.2597215
            ],
            [
              72.8773009,
              19.2592412
            ],
            [
              72.8776541,
              19.2587862
            ],
            [
              72.8779285,
              19.2580991
            ],
            [
              72.8782317,
              19.2575988
            ],
            [
              72.8783254,
              19.2573731
            ],
            [
              72.8786543,
              19.2568068
            ],
            [
              72.8787731,
              19.2567287
            ],
            [
              72.8795151,
              19.2562616
            ],
            [
              72.8798203,
              19.2560878
            ],
            [
              72.8802656,
              19.2557367
            ],
            [
              72.8807755,
              19.255225
            ],
            [
              72.8811214,
              19.2548722
            ],
            [
              72.8813989,
              19.2545677
            ],
            [
              72.8818276,
              19.2542582
            ],
            [
              72.8834231,
              19.2537973
            ],
            [
              72.8838943,
              19.253679
            ],
            [
              72.8848471,
              19.2532787
            ],
            [
              72.8854856,
              19.252711
            ],
            [
              72.8862754,
              19.2520177
            ],
            [
              72.8872929,
              19.2510969
            ],
            [
              72.8908207,
              19.2511393
            ],
            [
              72.8926448,
              19.2516655
            ],
            [
              72.8948495,
              19.2506936
            ],
            [
              72.8987539,
              19.2512679
            ]
          ]
        ]
      },
      "id": "relation/13180677"
    },
    {
      "type": "Feature",
      "properties": {
        "@id": "relation/13180880",
        "admin_level": "8",
        "boundary": "administrative",
        "name": "Navi Mumbai",
        "type": "boundary",
        "wikidata": "Q61445"
      },
      "geometry": {
        "type": "Polygon",
        "coordinates": [
          [
            [
              73.023697,
              19.0025515
            ],
            [
              73.0241434,
              19.0026191
            ],
            [
              73.0242605,
              19.0026369
            ],
            [
              73.024483,
              19.0026543
            ],
            [
              73.024681,
              19.0025329
            ],
            [
              73.0257324,
              19.002785
            ],
            [
              73.0259984,
              19.0028462
            ],
            [
              73.0261945,
              19.0029691
            ],
            [
              73.0264667,
              19.0028579
            ],
            [
              73.0263767,
              19.0025672
            ],
            [
              73.027,
              19.0023363
            ],
            [
              73.0274874,
              19.0020625
            ],
            [
              73.0277659,
              19.0019081
            ],
            [
              73.0279548,
              19.0018494
            ],
            [
              73.0281498,
              19.0018606
            ],
            [
              73.0283535,
              19.001953
            ],
            [
              73.0286147,
              19.0021442
            ],
            [
              73.0287037,
              19.0022354
            ],
            [
              73.0288115,
              19.0023866
            ],
            [
              73.02893,
              19.0025126
            ],
            [
              73.0292846,
              19.0029124
            ],
            [
              73.0294248,
              19.0030705
            ],
            [
              73.02974,
              19.0034649
            ],
            [
              73.0299069,
              19.003624
            ],
            [
              73.0301249,
              19.0037565
            ],
            [
              73.0303873,
              19.0038385
            ],
            [
              73.0306723,
              19.0039122
            ],
            [
              73.0307679,
              19.0039093
            ],
            [
              73.0308435,
              19.0038467
            ],
            [
              73.0309028,
              19.0037571
            ],
            [
              73.0309417,
              19.0037211
            ],
            [
              73.0310012,
              19.0036885
            ],
            [
              73.0311142,
              19.0036891
            ],
            [
              73.0318905,
              19.0025352
            ],
            [
              73.0329687,
              19.0031393
            ],
            [
              73.0342038,
              19.0037305
            ],
            [
              73.0413187,
              19.0066874
            ],
            [
              73.0422556,
              19.0071263
            ],
            [
              73.0431304,
              19.0076517
            ],
            [
              73.0439871,
              19.0084765
            ],
            [
              73.0450783,
              19.0110316
            ],
            [
              73.0463554,
              19.0139745
            ],
            [
              73.0478952,
              19.0181669
            ],
            [
              73.0471623,
              19.020567
            ],
            [
              73.0478736,
              19.021999
            ],
            [
              73.0480161,
              19.025374
            ],
            [
              73.0490977,
              19.0270083
            ],
            [
              73.0488821,
              19.0293489
            ],
            [
              73.0488423,
              19.0311767
            ],
            [
              73.0489617,
              19.0334193
            ],
            [
              73.0497037,
              19.0358939
            ],
            [
              73.0493971,
              19.0380598
            ],
            [
              73.0492821,
              19.040309
            ],
            [
              73.0492861,
              19.0412422
            ],
            [
              73.0492959,
              19.0435319
            ],
            [
              73.0479669,
              19.0475352
            ],
            [
              73.0447285,
              19.0524592
            ],
            [
              73.0437838,
              19.0538955
            ],
            [
              73.0454212,
              19.0554642
            ],
            [
              73.0461001,
              19.0561146
            ],
            [
              73.0461562,
              19.0568521
            ],
            [
              73.0463123,
              19.0589054
            ],
            [
              73.0455892,
              19.0606305
            ],
            [
              73.0451534,
              19.0616702
            ],
            [
              73.0450548,
              19.0619055
            ],
            [
              73.04485,
              19.0623447
            ],
            [
              73.0448127,
              19.062483
            ],
            [
              73.044668,
              19.0632992
            ],
            [
              73.044498,
              19.0639961
            ],
            [
              73.0436749,
              19.0679544
            ],
            [
              73.0447006,
              19.0764572
            ],
            [
              73.0445337,
              19.0786259
            ],
            [
              73.0461645,
              19.0867778
            ],
            [
              73.0486965,
              19.0876701
            ],
            [
              73.0471086,
              19.0923745
            ],
            [
              73.0476138,
              19.0975544
            ],
            [
              73.0475303,
              19.1014982
            ],
            [
              73.0456495,
              19.1037699
            ],
            [
              73.0414009,
              19.1011746
            ],
            [
              73.040647,
              19.1028131
            ],
            [
              73.0391264,
              19.1070141
            ],
            [
              73.0363798,
              19.1070546
            ],
            [
              73.0359077,
              19.1105014
            ],
            [
              73.0358648,
              19.1148402
            ],
            [
              73.036015,
              19.1338567
            ],
            [
              73.0269384,
              19.1424924
            ],
            [
              73.0203938,
              19.1504588
            ],
            [
              73.0163383,
              19.1529318
            ],
            [
              73.0141282,
              19.1701806
            ],
            [
              73.013978,
              19.1754501
            ],
            [
              73.0102658,
              19.1843573
            ],
            [
              73.0082166,
              19.1864447
            ],
            [
              73.0050731,
              19.1875289
            ],
            [
              73.0036247,
              19.1859988
            ],
            [
              72.9993868,
              19.1867993
            ],
            [
              72.9979499,
              19.1894691
            ],
            [
              72.9962842,
              19.1891622
            ],
            [
              72.9951274,
              19.1827259
            ],
            [
              72.9866946,
              19.1787536
            ],
            [
              72.9855036,
              19.1774465
            ],
            [
              72.9850175,
              19.1767671
            ],
            [
              72.9848278,
              19.1759315
            ],
            [
              72.9845756,
              19.1748269
            ],
            [
              72.9844729,
              19.1745374
            ],
            [
              72.9844277,
              19.1743821
            ],
            [
              72.9841428,
              19.1734037
            ],
            [
              72.9835376,
              19.1703244
            ],
            [
              72.9829824,
              19.16749
            ],
            [
              72.9831165,
              19.1662029
            ],
            [
              72.9826122,
              19.1648399
            ],
            [
              72.9821759,
              19.1625659
            ],
            [
              72.9822367,
              19.1580954
            ],
            [
              72.9823333,
              19.1559
            ],
            [
              72.9824352,
              19.1557011
            ],
            [
              72.9824674,
              19.1555769
            ],
            [
              72.9824768,
              19.1551996
            ],
            [
              72.9824977,
              19.1547931
            ],
            [
              72.9824567,
              19.1528304
            ],
            [
              72.9824567,
              19.1510973
            ],
            [
              72.9819954,
              19.1481683
            ],
            [
              72.9819557,
              19.147437
            ],
            [
              72.9820027,
              19.147282
            ],
            [
              72.9819382,
              19.14716
            ],
            [
              72.9817675,
              19.1468769
            ],
            [
              72.9816205,
              19.1462197
            ],
            [
              72.9816577,
              19.1457548
            ],
            [
              72.9815385,
              19.1455016
            ],
            [
              72.9814323,
              19.1451674
            ],
            [
              72.9814336,
              19.1449039
            ],
            [
              72.9813194,
              19.1447374
            ],
            [
              72.9812405,
              19.144484
            ],
            [
              72.9812455,
              19.144263
            ],
            [
              72.9813149,
              19.144123
            ],
            [
              72.9813671,
              19.1439053
            ],
            [
              72.9811443,
              19.1433065
            ],
            [
              72.981046,
              19.1430691
            ],
            [
              72.9810777,
              19.1427805
            ],
            [
              72.9811728,
              19.1426082
            ],
            [
              72.9812068,
              19.1425016
            ],
            [
              72.9810238,
              19.1424247
            ],
            [
              72.980908,
              19.1421593
            ],
            [
              72.9808527,
              19.1417086
            ],
            [
              72.9809975,
              19.1407237
            ],
            [
              72.9809814,
              19.140412
            ],
            [
              72.9807415,
              19.1401685
            ],
            [
              72.9806262,
              19.139783
            ],
            [
              72.9805738,
              19.1393047
            ],
            [
              72.9806609,
              19.1388364
            ],
            [
              72.9804021,
              19.1381036
            ],
            [
              72.9802968,
              19.1373716
            ],
            [
              72.9804503,
              19.1366644
            ],
            [
              72.980327,
              19.1363856
            ],
            [
              72.9804247,
              19.1358049
            ],
            [
              72.9806263,
              19.1355173
            ],
            [
              72.9803646,
              19.1350629
            ],
            [
              72.9803373,
              19.1345148
            ],
            [
              72.9805357,
              19.1336143
            ],
            [
              72.9808009,
              19.1328429
            ],
            [
              72.9799193,
              19.131348
            ],
            [
              72.9793185,
              19.1289102
            ],
            [
              72.9794526,
              19.1260922
            ],
            [
              72.9802036,
              19.1227674
            ],
            [
              72.9800504,
              19.122214
            ],
            [
              72.9796563,
              19.1208701
            ],
            [
              72.9795384,
              19.1205576
            ],
            [
              72.9787659,
              19.1192397
            ],
            [
              72.9784441,
              19.1171718
            ],
            [
              72.9783797,
              19.1137859
            ],
            [
              72.978487,
              19.1091227
            ],
            [
              72.9785369,
              19.1056264
            ],
            [
              72.9791629,
              19.1021732
            ],
            [
              72.979871,
              19.1005105
            ],
            [
              72.980091,
              19.1003078
            ],
            [
              72.9804182,
              19.1001911
            ],
            [
              72.9805845,
              19.1001152
            ],
            [
              72.9807327,
              19.1000403
            ],
            [
              72.9816466,
              19.0991773
            ],
            [
              72.9828862,
              19.0979654
            ],
            [
              72.9834223,
              19.097023
            ],
            [
              72.9845917,
              19.0936418
            ],
            [
              72.9847312,
              19.0897891
            ],
            [
              72.985214,
              19.0857233
            ],
            [
              72.9856324,
              19.0842836
            ],
            [
              72.9862761,
              19.0831074
            ],
            [
              72.9865765,
              19.0826715
            ],
            [
              72.9866946,
              19.0824484
            ],
            [
              72.9866971,
              19.0820859
            ],
            [
              72.9866678,
              19.0818857
            ],
            [
              72.9867175,
              19.0805036
            ],
            [
              72.9868665,
              19.0793755
            ],
            [
              72.9845088,
              19.0782434
            ],
            [
              72.9839194,
              19.0758198
            ],
            [
              72.9838432,
              19.0754737
            ],
            [
              72.9839835,
              19.0750259
            ],
            [
              72.9831487,
              19.0730186
            ],
            [
              72.9822957,
              19.0725623
            ],
            [
              72.9825854,
              19.0721871
            ],
            [
              72.9823308,
              19.0714531
            ],
            [
              72.9826283,
              19.0707675
            ],
            [
              72.9825908,
              19.0703113
            ],
            [
              72.9821777,
              19.0697434
            ],
            [
              72.9818988,
              19.0693682
            ],
            [
              72.9814589,
              19.068841
            ],
            [
              72.9807025,
              19.0679435
            ],
            [
              72.9796404,
              19.0675886
            ],
            [
              72.979061,
              19.0668991
            ],
            [
              72.9793453,
              19.0653831
            ],
            [
              72.9793311,
              19.0646059
            ],
            [
              72.9787016,
              19.0641257
            ],
            [
              72.9778898,
              19.0639416
            ],
            [
              72.9781088,
              19.0630595
            ],
            [
              72.9783949,
              19.0623938
            ],
            [
              72.9784778,
              19.0620916
            ],
            [
              72.9805137,
              19.0625936
            ],
            [
              72.9811684,
              19.062743
            ],
            [
              72.9818479,
              19.0628556
            ],
            [
              72.9824815,
              19.0629191
            ],
            [
              72.9831116,
              19.0629358
            ],
            [
              72.9836788,
              19.0628808
            ],
            [
              72.9852194,
              19.0625286
            ],
            [
              72.9864585,
              19.0620418
            ],
            [
              72.9881269,
              19.0608858
            ],
            [
              72.9909486,
              19.0598515
            ],
            [
              72.9915869,
              19.0594661
            ],
            [
              72.9918008,
              19.0590386
            ],
            [
              72.9918659,
              19.0589084
            ],
            [
              72.9919816,
              19.0587923
            ],
            [
              72.9924774,
              19.0582949
            ],
            [
              72.9934913,
              19.0557952
            ],
            [
              72.9947519,
              19.0533664
            ],
            [
              72.9967797,
              19.0500908
            ],
            [
              72.9981744,
              19.047596
            ],
            [
              72.9982173,
              19.0471295
            ],
            [
              72.998507,
              19.0448578
            ],
            [
              72.9990435,
              19.0427281
            ],
            [
              73.0001807,
              19.0394421
            ],
            [
              73.002187,
              19.0320891
            ],
            [
              73.0032129,
              19.0289652
            ],
            [
              73.0035576,
              19.0288853
            ],
            [
              73.0037884,
              19.0287055
            ],
            [
              73.0038471,
              19.0285931
            ],
            [
              73.0038205,
              19.0284771
            ],
            [
              73.0034101,
              19.0280625
            ],
            [
              73.0033162,
              19.0276898
            ],
            [
              73.003457,
              19.0273107
            ],
            [
              73.0033457,
              19.0264194
            ],
            [
              73.0028951,
              19.0247459
            ],
            [
              73.0028039,
              19.0226159
            ],
            [
              73.0030775,
              19.0219743
            ],
            [
              73.0029916,
              19.0217263
            ],
            [
              73.0027872,
              19.0215573
            ],
            [
              73.0026509,
              19.0212473
            ],
            [
              73.002404,
              19.0207603
            ],
            [
              73.0023103,
              19.0203738
            ],
            [
              73.0023231,
              19.0200236
            ],
            [
              73.0024593,
              19.0196533
            ],
            [
              73.0025062,
              19.0192709
            ],
            [
              73.002536,
              19.0190898
            ],
            [
              73.0024168,
              19.0190133
            ],
            [
              73.0018334,
              19.0188885
            ],
            [
              73.001199,
              19.0184055
            ],
            [
              73.0007349,
              19.0176729
            ],
            [
              73.0004582,
              19.0169483
            ],
            [
              73.0004284,
              19.0159742
            ],
            [
              73.0004667,
              19.0155676
            ],
            [
              73.0006455,
              19.0149879
            ],
            [
              73.0007051,
              19.0142714
            ],
            [
              73.0009095,
              19.0136112
            ],
            [
              73.0011096,
              19.0131081
            ],
            [
              73.0012033,
              19.0127498
            ],
            [
              73.0012246,
              19.0123191
            ],
            [
              73.0012429,
              19.0117524
            ],
            [
              73.001436,
              19.01017
            ],
            [
              73.0012375,
              19.0088868
            ],
            [
              73.001259,
              19.0072689
            ],
            [
              73.0014574,
              19.0062291
            ],
            [
              73.0021763,
              19.0048952
            ],
            [
              73.0023265,
              19.0038808
            ],
            [
              73.002364,
              19.002912
            ],
            [
              73.0027664,
              19.0021867
            ],
            [
              73.0026108,
              19.0009491
            ],
            [
              73.002651,
              19.0008274
            ],
            [
              73.0027878,
              19.000797
            ],
            [
              73.0038983,
              19.0013955
            ],
            [
              73.0049711,
              19.0014208
            ],
            [
              73.00569,
              19.0016592
            ],
            [
              73.0057633,
              19.0015812
            ],
            [
              73.0058941,
              19.0014419
            ],
            [
              73.0061567,
              19.0011622
            ],
            [
              73.0062962,
              19.000868
            ],
            [
              73.0069721,
              19.0004216
            ],
            [
              73.0086565,
              18.9995543
            ],
            [
              73.0085492,
              18.9992703
            ],
            [
              73.0095202,
              18.9988391
            ],
            [
              73.0118476,
              18.9985428
            ],
            [
              73.0125202,
              18.9985616
            ],
            [
              73.0140419,
              18.9984479
            ],
            [
              73.0158608,
              18.9984606
            ],
            [
              73.0161935,
              18.9984536
            ],
            [
              73.0166924,
              18.9987123
            ],
            [
              73.0169008,
              18.9987197
            ],
            [
              73.0172673,
              18.9988668
            ],
            [
              73.0181389,
              18.9991855
            ],
            [
              73.0189347,
              18.9997217
            ],
            [
              73.0197423,
              19.0015686
            ],
            [
              73.0198852,
              19.0020513
            ],
            [
              73.0203285,
              19.0019384
            ],
            [
              73.0200513,
              19.0012192
            ],
            [
              73.0200642,
              19.0011391
            ],
            [
              73.0201145,
              19.0010708
            ],
            [
              73.0201597,
              19.000993
            ],
            [
              73.0201823,
              19.0009444
            ],
            [
              73.0202171,
              19.0009228
            ],
            [
              73.0202554,
              19.0009415
            ],
            [
              73.0203009,
              19.0009755
            ],
            [
              73.0203306,
              19.0010174
            ],
            [
              73.0203118,
              19.0010408
            ],
            [
              73.020276,
              19.0010733
            ],
            [
              73.0202631,
              19.0011039
            ],
            [
              73.0202694,
              19.0011744
            ],
            [
              73.0203256,
              19.0013534
            ],
            [
              73.020425,
              19.0014828
            ],
            [
              73.0205398,
              19.0015916
            ],
            [
              73.0206687,
              19.0016428
            ],
            [
              73.0208273,
              19.0016641
            ],
            [
              73.0209872,
              19.0016575
            ],
            [
              73.0211531,
              19.0016147
            ],
            [
              73.0212644,
              19.0016008
            ],
            [
              73.0213689,
              19.0016262
            ],
            [
              73.0221497,
              19.0019534
            ],
            [
              73.0226503,
              19.0021678
            ],
            [
              73.0231433,
              19.0024675
            ],
            [
              73.023697,
              19.0025515
            ]
          ]
        ]
      },
      "id": "relation/13180880"
    },
    {
      "type": "Feature",
      "properties": {
        "@id": "relation/13184109",
        "admin_level": "8",
        "boundary": "administrative",
        "local_authority:IN": "municipal_corporation",
        "name": "Bhiwandi - Nizampur",
        "type": "boundary"
      },
      "geometry": {
        "type": "Polygon",
        "coordinates": [
          [
            [
              73.0438302,
              19.2669995
            ],
            [
              73.0441943,
              19.2667786
            ],
            [
              73.0475484,
              19.2656864
            ],
            [
              73.0476264,
              19.264815
            ],
            [
              73.0519685,
              19.2645082
            ],
            [
              73.0574807,
              19.2656127
            ],
            [
              73.0612119,
              19.2661282
            ],
            [
              73.0603148,
              19.2688772
            ],
            [
              73.0600938,
              19.2708898
            ],
            [
              73.0600938,
              19.2722888
            ],
            [
              73.0611209,
              19.2736142
            ],
            [
              73.0621089,
              19.2743259
            ],
            [
              73.064579,
              19.2732337
            ],
            [
              73.064826,
              19.2732951
            ],
            [
              73.065463,
              19.2746204
            ],
            [
              73.0661911,
              19.27505
            ],
            [
              73.0681541,
              19.2749272
            ],
            [
              73.0684271,
              19.2733196
            ],
            [
              73.0681151,
              19.2691471
            ],
            [
              73.0683491,
              19.2681776
            ],
            [
              73.0689472,
              19.2683689
            ],
            [
              73.069548,
              19.268845
            ],
            [
              73.069607,
              19.2700603
            ],
            [
              73.0710661,
              19.2710731
            ],
            [
              73.0711312,
              19.2722888
            ],
            [
              73.0719763,
              19.2725956
            ],
            [
              73.0737313,
              19.2711352
            ],
            [
              73.0753954,
              19.2719943
            ],
            [
              73.0790355,
              19.2704725
            ],
            [
              73.0817916,
              19.271172
            ],
            [
              73.0825847,
              19.2717979
            ],
            [
              73.0831957,
              19.2715893
            ],
            [
              73.0845087,
              19.2728901
            ],
            [
              73.0845997,
              19.2735283
            ],
            [
              73.0845737,
              19.2739594
            ],
            [
              73.0852498,
              19.2746204
            ],
            [
              73.0855618,
              19.2759458
            ],
            [
              73.0861988,
              19.2763753
            ],
            [
              73.0874208,
              19.2766575
            ],
            [
              73.0895789,
              19.2775779
            ],
            [
              73.0895269,
              19.2782774
            ],
            [
              73.09045,
              19.2787928
            ],
            [
              73.0902419,
              19.2798604
            ],
            [
              73.090983,
              19.2803022
            ],
            [
              73.0911,
              19.280928
            ],
            [
              73.090515,
              19.281333
            ],
            [
              73.090983,
              19.282057
            ],
            [
              73.090658,
              19.2828055
            ],
            [
              73.0893579,
              19.2837381
            ],
            [
              73.0892279,
              19.2867322
            ],
            [
              73.0885129,
              19.2874317
            ],
            [
              73.0885259,
              19.2884992
            ],
            [
              73.0885779,
              19.2899717
            ],
            [
              73.0873038,
              19.2918123
            ],
            [
              73.0879669,
              19.2947081
            ],
            [
              73.0879799,
              19.2974689
            ],
            [
              73.0960532,
              19.3010026
            ],
            [
              73.1020854,
              19.3057387
            ],
            [
              73.1035934,
              19.3118242
            ],
            [
              73.1017344,
              19.3195535
            ],
            [
              73.1009283,
              19.3194799
            ],
            [
              73.0969112,
              19.3208539
            ],
            [
              73.0953251,
              19.3198234
            ],
            [
              73.0945191,
              19.3197007
            ],
            [
              73.0933231,
              19.3199829
            ],
            [
              73.092725,
              19.3206699
            ],
            [
              73.092335,
              19.3216391
            ],
            [
              73.091139,
              19.3217863
            ],
            [
              73.0891239,
              19.3223629
            ],
            [
              73.0882009,
              19.3234548
            ],
            [
              73.0848727,
              19.3215041
            ],
            [
              73.0799904,
              19.3195541
            ],
            [
              73.0789445,
              19.3191364
            ],
            [
              73.0762534,
              19.3195412
            ],
            [
              73.0731463,
              19.3194185
            ],
            [
              73.0718983,
              19.3193081
            ],
            [
              73.0700002,
              19.3158852
            ],
            [
              73.0692072,
              19.3153454
            ],
            [
              73.0670491,
              19.3153454
            ],
            [
              73.065268,
              19.3146215
            ],
            [
              73.063175,
              19.314597
            ],
            [
              73.0616799,
              19.3138854
            ],
            [
              73.0610429,
              19.3132965
            ],
            [
              73.0605619,
              19.3122782
            ],
            [
              73.0600548,
              19.3116524
            ],
            [
              73.0587288,
              19.3115911
            ],
            [
              73.0573117,
              19.3122659
            ],
            [
              73.0541006,
              19.3111371
            ],
            [
              73.0534376,
              19.3097507
            ],
            [
              73.0533726,
              19.3062172
            ],
            [
              73.0529176,
              19.3041314
            ],
            [
              73.0518255,
              19.3027817
            ],
            [
              73.0504345,
              19.3021314
            ],
            [
              73.0484584,
              19.3019965
            ],
            [
              73.0472364,
              19.3027695
            ],
            [
              73.0464693,
              19.3033952
            ],
            [
              73.0458846,
              19.3033885
            ],
            [
              73.044854,
              19.3033768
            ],
            [
              73.0432452,
              19.3033584
            ],
            [
              73.0443503,
              19.3012848
            ],
            [
              73.0450393,
              19.300291
            ],
            [
              73.0456633,
              19.2977511
            ],
            [
              73.0448573,
              19.2971989
            ],
            [
              73.0447533,
              19.2970394
            ],
            [
              73.0451563,
              19.2959106
            ],
            [
              73.0448573,
              19.294978
            ],
            [
              73.0445453,
              19.2944872
            ],
            [
              73.0446363,
              19.2942173
            ],
            [
              73.0450068,
              19.2941805
            ],
            [
              73.0451433,
              19.2939535
            ],
            [
              73.0445973,
              19.2930025
            ],
            [
              73.0420882,
              19.2919227
            ],
            [
              73.0419192,
              19.2904012
            ],
            [
              73.0422832,
              19.2849898
            ],
            [
              73.0421922,
              19.2846707
            ],
            [
              73.0386821,
              19.2839099
            ],
            [
              73.036316,
              19.2830755
            ],
            [
              73.0345089,
              19.2830755
            ],
            [
              73.0332479,
              19.2818852
            ],
            [
              73.0324938,
              19.2798236
            ],
            [
              73.0327538,
              19.2778233
            ],
            [
              73.0339629,
              19.2770134
            ],
            [
              73.036095,
              19.2764612
            ],
            [
              73.037876,
              19.2767434
            ],
            [
              73.0401641,
              19.2762526
            ],
            [
              73.0409441,
              19.2758353
            ],
            [
              73.0417372,
              19.2764367
            ],
            [
              73.0421792,
              19.2758967
            ],
            [
              73.0419192,
              19.2736387
            ],
            [
              73.0422052,
              19.2731601
            ],
            [
              73.0430102,
              19.2721542
            ],
            [
              73.0432452,
              19.2687667
            ],
            [
              73.0434402,
              19.2676377
            ],
            [
              73.0438302,
              19.2669995
            ]
          ]
        ]
      },
      "id": "relation/13184109"
    },
    {
      "type": "Feature",
      "properties": {
        "@id": "relation/13184373",
        "admin_level": "8",
        "alt_name": "Ambarnath",
        "boundary": "administrative",
        "local_authority:IN": "municipal_corporation",
        "name": "Ambernath",
        "type": "boundary",
        "wikidata": "Q584008",
        "wikipedia": "en:Ambarnath"
      },
      "geometry": {
        "type": "Polygon",
        "coordinates": [
          [
            [
              73.1663703,
              19.1779835
            ],
            [
              73.1691169,
              19.1742747
            ],
            [
              73.1723785,
              19.1736261
            ],
            [
              73.1754469,
              19.1748624
            ],
            [
              73.1781292,
              19.1744367
            ],
            [
              73.181262,
              19.1744773
            ],
            [
              73.182013,
              19.1759771
            ],
            [
              73.1833219,
              19.1774363
            ],
            [
              73.18403,
              19.1771728
            ],
            [
              73.1849097,
              19.1741936
            ],
            [
              73.1863689,
              19.1737477
            ],
            [
              73.1869912,
              19.1724506
            ],
            [
              73.1861972,
              19.1717615
            ],
            [
              73.1864118,
              19.1696536
            ],
            [
              73.1876993,
              19.1673836
            ],
            [
              73.1886863,
              19.1620733
            ],
            [
              73.1903171,
              19.1614247
            ],
            [
              73.1916046,
              19.1624786
            ],
            [
              73.191862,
              19.1659243
            ],
            [
              73.1968831,
              19.1610598
            ],
            [
              73.1976341,
              19.14679
            ],
            [
              73.1966257,
              19.1444588
            ],
            [
              73.1976985,
              19.141033
            ],
            [
              73.1988358,
              19.1386611
            ],
            [
              73.197484,
              19.1363502
            ],
            [
              73.1980204,
              19.134323
            ],
            [
              73.1990289,
              19.1346878
            ],
            [
              73.1996298,
              19.1358231
            ],
            [
              73.1999515,
              19.138276
            ],
            [
              73.2065391,
              19.1410329
            ],
            [
              73.2085132,
              19.1488981
            ],
            [
              73.2105949,
              19.1565005
            ],
            [
              73.2109165,
              19.157675
            ],
            [
              73.2135772,
              19.1611612
            ],
            [
              73.2150364,
              19.1608166
            ],
            [
              73.2142638,
              19.1636542
            ],
            [
              73.213148,
              19.1675052
            ],
            [
              73.2095432,
              19.1708292
            ],
            [
              73.2099509,
              19.1712953
            ],
            [
              73.2094573,
              19.1724911
            ],
            [
              73.2114636,
              19.1747105
            ],
            [
              73.212719,
              19.1745077
            ],
            [
              73.2137596,
              19.1736463
            ],
            [
              73.2140922,
              19.1742442
            ],
            [
              73.2131696,
              19.1760074
            ],
            [
              73.2145213,
              19.1785713
            ],
            [
              73.2163774,
              19.1790171
            ],
            [
              73.2176006,
              19.1784091
            ],
            [
              73.2196391,
              19.1781456
            ],
            [
              73.219403,
              19.1801925
            ],
            [
              73.2218707,
              19.1803749
            ],
            [
              73.2211304,
              19.1812261
            ],
            [
              73.2228148,
              19.1826449
            ],
            [
              73.2275247,
              19.1832933
            ],
            [
              73.2318766,
              19.1842035
            ],
            [
              73.2334685,
              19.184185
            ],
            [
              73.2328892,
              19.1861913
            ],
            [
              73.2313227,
              19.1861913
            ],
            [
              73.2311511,
              19.1877315
            ],
            [
              73.2298529,
              19.1909284
            ],
            [
              73.2292628,
              19.1910804
            ],
            [
              73.2289784,
              19.1918962
            ],
            [
              73.2256364,
              19.1911361
            ],
            [
              73.2235551,
              19.1928789
            ],
            [
              73.2200574,
              19.199161
            ],
            [
              73.2196498,
              19.2018561
            ],
            [
              73.2194996,
              19.2056859
            ],
            [
              73.2193065,
              19.2058683
            ],
            [
              73.2181692,
              19.2074488
            ],
            [
              73.2167315,
              19.2095967
            ],
            [
              73.2132125,
              19.2137302
            ],
            [
              73.2098866,
              19.2232736
            ],
            [
              73.2052088,
              19.2274474
            ],
            [
              73.2039857,
              19.2289871
            ],
            [
              73.1992006,
              19.2347816
            ],
            [
              73.1966042,
              19.2352071
            ],
            [
              73.1949735,
              19.2370507
            ],
            [
              73.1929564,
              19.2390969
            ],
            [
              73.1898236,
              19.2395628
            ],
            [
              73.1858969,
              19.2355109
            ],
            [
              73.1843304,
              19.2335052
            ],
            [
              73.1833863,
              19.2321883
            ],
            [
              73.1823134,
              19.2309119
            ],
            [
              73.1810474,
              19.2302231
            ],
            [
              73.1795025,
              19.2310132
            ],
            [
              73.1793523,
              19.231155
            ],
            [
              73.1734943,
              19.230993
            ],
            [
              73.1718635,
              19.2291087
            ],
            [
              73.1717133,
              19.2276905
            ],
            [
              73.1706404,
              19.2267585
            ],
            [
              73.1705761,
              19.225867
            ],
            [
              73.1693101,
              19.2247122
            ],
            [
              73.1690097,
              19.2231115
            ],
            [
              73.1712627,
              19.2217743
            ],
            [
              73.1708121,
              19.2187148
            ],
            [
              73.1719708,
              19.214095
            ],
            [
              73.1735587,
              19.2138924
            ],
            [
              73.1742453,
              19.2095156
            ],
            [
              73.1749105,
              19.2085018
            ],
            [
              73.1750607,
              19.2077122
            ],
            [
              73.1757688,
              19.205382
            ],
            [
              73.1760049,
              19.2031935
            ],
            [
              73.1766271,
              19.2010455
            ],
            [
              73.1756186,
              19.2009442
            ],
            [
              73.1753397,
              19.1984517
            ],
            [
              73.1760692,
              19.1973777
            ],
            [
              73.1762731,
              19.1969521
            ],
            [
              73.1761551,
              19.1962531
            ],
            [
              73.1757152,
              19.1958528
            ],
            [
              73.1753343,
              19.1961466
            ],
            [
              73.1748569,
              19.1959946
            ],
            [
              73.1743425,
              19.1954495
            ],
            [
              73.173269,
              19.1950777
            ],
            [
              73.1729184,
              19.1945946
            ],
            [
              73.1723571,
              19.1938212
            ],
            [
              73.1714773,
              19.1932437
            ],
            [
              73.1707263,
              19.1921899
            ],
            [
              73.1698519,
              19.1917795
            ],
            [
              73.1693959,
              19.1921443
            ],
            [
              73.1695354,
              19.192808
            ],
            [
              73.1693852,
              19.1932893
            ],
            [
              73.1689882,
              19.1935223
            ],
            [
              73.1687844,
              19.1934514
            ],
            [
              73.1687951,
              19.19296
            ],
            [
              73.1687576,
              19.1922963
            ],
            [
              73.1681031,
              19.192195
            ],
            [
              73.1682908,
              19.1912476
            ],
            [
              73.1665206,
              19.1908929
            ],
            [
              73.1651687,
              19.1924534
            ],
            [
              73.1632161,
              19.1918454
            ],
            [
              73.162111,
              19.1932842
            ],
            [
              73.1606572,
              19.1938415
            ],
            [
              73.1610328,
              19.1931576
            ],
            [
              73.1615853,
              19.1927725
            ],
            [
              73.1613815,
              19.1923926
            ],
            [
              73.1608664,
              19.1923724
            ],
            [
              73.1611776,
              19.1905282
            ],
            [
              73.1630229,
              19.1888462
            ],
            [
              73.1638383,
              19.1852592
            ],
            [
              73.1669926,
              19.1814086
            ],
            [
              73.1663703,
              19.1779835
            ]
          ]
        ]
      },
      "id": "relation/13184373"
    },
    {
      "type": "Feature",
      "properties": {
        "@id": "relation/13184432",
        "admin_level": "8",
        "boundary": "administrative",
        "name": "Ulhasnagar",
        "type": "boundary",
        "wikidata": "Q460222",
        "wikipedia": "en:Ulhasnagar"
      },
      "geometry": {
        "type": "Polygon",
        "coordinates": [
          [
            [
              73.1754175,
              19.2524395
            ],
            [
              73.1735721,
              19.2514672
            ],
            [
              73.1712118,
              19.2504138
            ],
            [
              73.1696668,
              19.2501301
            ],
            [
              73.1681648,
              19.2505353
            ],
            [
              73.1674352,
              19.2513861
            ],
            [
              73.1666628,
              19.2530067
            ],
            [
              73.165547,
              19.2543032
            ],
            [
              73.1649812,
              19.2548044
            ],
            [
              73.1645358,
              19.2544324
            ],
            [
              73.1639457,
              19.2547971
            ],
            [
              73.1626904,
              19.2533284
            ],
            [
              73.1619179,
              19.2520015
            ],
            [
              73.1602711,
              19.247955
            ],
            [
              73.1586885,
              19.2437463
            ],
            [
              73.158313,
              19.2430676
            ],
            [
              73.1578088,
              19.2425004
            ],
            [
              73.157326,
              19.2419838
            ],
            [
              73.1553733,
              19.240748
            ],
            [
              73.1538391,
              19.2401301
            ],
            [
              73.152895,
              19.2384081
            ],
            [
              73.151586,
              19.2373242
            ],
            [
              73.1493759,
              19.2339408
            ],
            [
              73.147434,
              19.2351462
            ],
            [
              73.1470907,
              19.2336065
            ],
            [
              73.146522,
              19.2331608
            ],
            [
              73.1462538,
              19.2322086
            ],
            [
              73.1459963,
              19.2310233
            ],
            [
              73.1477666,
              19.2296254
            ],
            [
              73.1474876,
              19.2290176
            ],
            [
              73.1505239,
              19.2267078
            ],
            [
              73.1512749,
              19.2260291
            ],
            [
              73.1519294,
              19.2251984
            ],
            [
              73.1526267,
              19.2238713
            ],
            [
              73.1530237,
              19.2225341
            ],
            [
              73.1533535,
              19.219971
            ],
            [
              73.1532891,
              19.2169166
            ],
            [
              73.1535387,
              19.2149561
            ],
            [
              73.1529968,
              19.2139735
            ],
            [
              73.1529701,
              19.2123727
            ],
            [
              73.1539302,
              19.2121955
            ],
            [
              73.1543058,
              19.2118205
            ],
            [
              73.1552499,
              19.2098652
            ],
            [
              73.1575835,
              19.2065167
            ],
            [
              73.159225,
              19.20523
            ],
            [
              73.1590962,
              19.2051388
            ],
            [
              73.1581521,
              19.2052958
            ],
            [
              73.158077,
              19.2047842
            ],
            [
              73.1576049,
              19.204926
            ],
            [
              73.1572723,
              19.2046728
            ],
            [
              73.1574855,
              19.2030524
            ],
            [
              73.1571547,
              19.2025467
            ],
            [
              73.157814,
              19.201967
            ],
            [
              73.1576586,
              19.200316
            ],
            [
              73.1577766,
              19.1985429
            ],
            [
              73.1594825,
              19.1984416
            ],
            [
              73.1601691,
              19.1958173
            ],
            [
              73.15974,
              19.1947534
            ],
            [
              73.1599545,
              19.1925546
            ],
            [
              73.1608664,
              19.1923724
            ],
            [
              73.1613815,
              19.1923926
            ],
            [
              73.1615853,
              19.1927725
            ],
            [
              73.1610328,
              19.1931576
            ],
            [
              73.1606572,
              19.1938415
            ],
            [
              73.162111,
              19.1932842
            ],
            [
              73.1632161,
              19.1918454
            ],
            [
              73.1651687,
              19.1924534
            ],
            [
              73.1665206,
              19.1908929
            ],
            [
              73.1682908,
              19.1912476
            ],
            [
              73.1681031,
              19.192195
            ],
            [
              73.1687576,
              19.1922963
            ],
            [
              73.1687951,
              19.19296
            ],
            [
              73.1687844,
              19.1934514
            ],
            [
              73.1689882,
              19.1935223
            ],
            [
              73.1693852,
              19.1932893
            ],
            [
              73.1695354,
              19.192808
            ],
            [
              73.1693959,
              19.1921443
            ],
            [
              73.1698519,
              19.1917795
            ],
            [
              73.1707263,
              19.1921899
            ],
            [
              73.1714773,
              19.1932437
            ],
            [
              73.1723571,
              19.1938212
            ],
            [
              73.1729184,
              19.1945946
            ],
            [
              73.173269,
              19.1950777
            ],
            [
              73.1743425,
              19.1954495
            ],
            [
              73.1748569,
              19.1959946
            ],
            [
              73.1753343,
              19.1961466
            ],
            [
              73.1757152,
              19.1958528
            ],
            [
              73.1761551,
              19.1962531
            ],
            [
              73.1762731,
              19.1969521
            ],
            [
              73.1760692,
              19.1973777
            ],
            [
              73.1753397,
              19.1984517
            ],
            [
              73.1756186,
              19.2009442
            ],
            [
              73.1766271,
              19.2010455
            ],
            [
              73.1760049,
              19.2031935
            ],
            [
              73.1757688,
              19.205382
            ],
            [
              73.1750607,
              19.2077122
            ],
            [
              73.1749105,
              19.2085018
            ],
            [
              73.1742453,
              19.2095156
            ],
            [
              73.1735587,
              19.2138924
            ],
            [
              73.1719708,
              19.214095
            ],
            [
              73.1708121,
              19.2187148
            ],
            [
              73.1712627,
              19.2217743
            ],
            [
              73.1690097,
              19.2231115
            ],
            [
              73.1693101,
              19.2247122
            ],
            [
              73.1705761,
              19.225867
            ],
            [
              73.1706404,
              19.2267585
            ],
            [
              73.1717133,
              19.2276905
            ],
            [
              73.1718635,
              19.2291087
            ],
            [
              73.1734943,
              19.230993
            ],
            [
              73.1793523,
              19.231155
            ],
            [
              73.1783008,
              19.2318642
            ],
            [
              73.1771207,
              19.2328366
            ],
            [
              73.1768632,
              19.2339307
            ],
            [
              73.1774211,
              19.2349032
            ],
            [
              73.1778181,
              19.2355312
            ],
            [
              73.1767774,
              19.2363213
            ],
            [
              73.1768095,
              19.2370912
            ],
            [
              73.1760156,
              19.2378509
            ],
            [
              73.1757903,
              19.2389348
            ],
            [
              73.1756508,
              19.2396135
            ],
            [
              73.1752646,
              19.2399782
            ],
            [
              73.1749749,
              19.2393906
            ],
            [
              73.1757474,
              19.2380738
            ],
            [
              73.1750392,
              19.2371823
            ],
            [
              73.1755113,
              19.2364834
            ],
            [
              73.17402,
              19.2357338
            ],
            [
              73.1728291,
              19.237233
            ],
            [
              73.1717777,
              19.2388538
            ],
            [
              73.1718421,
              19.23934
            ],
            [
              73.1712198,
              19.2413558
            ],
            [
              73.1711018,
              19.2430474
            ],
            [
              73.1715095,
              19.2448706
            ],
            [
              73.1738591,
              19.2450631
            ],
            [
              73.1740522,
              19.2467649
            ],
            [
              73.1755757,
              19.2469472
            ],
            [
              73.1757689,
              19.2492161
            ],
            [
              73.1756938,
              19.2511912
            ],
            [
              73.1754175,
              19.2524395
            ]
          ]
        ]
      },
      "id": "relation/13184432"
    },
    {
      "type": "Feature",
      "properties": {
        "@id": "relation/13184538",
        "admin_level": "8",
        "boundary": "administrative",
        "local_authority:IN": "municipal_corporation",
        "name": "Kalyan-Dombivli",
        "type": "boundary",
        "wikidata": "Q581999",
        "wikipedia": "en:Kalyan-Dombivli"
      },
      "geometry": {
        "type": "Polygon",
        "coordinates": [
          [
            [
              73.1533535,
              19.219971
            ],
            [
              73.1530237,
              19.2225341
            ],
            [
              73.1526267,
              19.2238713
            ],
            [
              73.1519294,
              19.2251984
            ],
            [
              73.1512749,
              19.2260291
            ],
            [
              73.1505239,
              19.2267078
            ],
            [
              73.1474876,
              19.2290176
            ],
            [
              73.1477666,
              19.2296254
            ],
            [
              73.1459963,
              19.2310233
            ],
            [
              73.1462538,
              19.2322086
            ],
            [
              73.146522,
              19.2331608
            ],
            [
              73.1470907,
              19.2336065
            ],
            [
              73.147434,
              19.2351462
            ],
            [
              73.1493759,
              19.2339408
            ],
            [
              73.151586,
              19.2373242
            ],
            [
              73.152895,
              19.2384081
            ],
            [
              73.1538391,
              19.2401301
            ],
            [
              73.1553733,
              19.240748
            ],
            [
              73.157326,
              19.2419838
            ],
            [
              73.1578088,
              19.2425004
            ],
            [
              73.158313,
              19.2430676
            ],
            [
              73.1586885,
              19.2437463
            ],
            [
              73.1602711,
              19.247955
            ],
            [
              73.1619179,
              19.2520015
            ],
            [
              73.1626904,
              19.2533284
            ],
            [
              73.1639457,
              19.2547971
            ],
            [
              73.1645358,
              19.2544324
            ],
            [
              73.1649812,
              19.2548044
            ],
            [
              73.165547,
              19.2543032
            ],
            [
              73.1666628,
              19.2530067
            ],
            [
              73.1674352,
              19.2513861
            ],
            [
              73.1681648,
              19.2505353
            ],
            [
              73.1696668,
              19.2501301
            ],
            [
              73.1712118,
              19.2504138
            ],
            [
              73.1735721,
              19.2514672
            ],
            [
              73.1754175,
              19.2524395
            ],
            [
              73.1757222,
              19.2529573
            ],
            [
              73.1800075,
              19.2556881
            ],
            [
              73.1816681,
              19.2560927
            ],
            [
              73.1834827,
              19.2559062
            ],
            [
              73.1875733,
              19.2530241
            ],
            [
              73.1904874,
              19.2507261
            ],
            [
              73.1925786,
              19.2503377
            ],
            [
              73.1938814,
              19.2511792
            ],
            [
              73.1941385,
              19.2528784
            ],
            [
              73.1936671,
              19.2545776
            ],
            [
              73.1926815,
              19.2568836
            ],
            [
              73.1926386,
              19.2584614
            ],
            [
              73.1935814,
              19.2597964
            ],
            [
              73.1954241,
              19.2605246
            ],
            [
              73.198681,
              19.2612528
            ],
            [
              73.2024345,
              19.2611089
            ],
            [
              73.20249,
              19.2652703
            ],
            [
              73.2064253,
              19.2668249
            ],
            [
              73.2061529,
              19.2705566
            ],
            [
              73.2045526,
              19.2752255
            ],
            [
              73.2057273,
              19.2795423
            ],
            [
              73.2114205,
              19.2851247
            ],
            [
              73.2160663,
              19.2854639
            ],
            [
              73.2173537,
              19.2892716
            ],
            [
              73.220787,
              19.2874083
            ],
            [
              73.2249068,
              19.2870842
            ],
            [
              73.2272243,
              19.2895146
            ],
            [
              73.2331466,
              19.2904057
            ],
            [
              73.2353782,
              19.2923905
            ],
            [
              73.2357216,
              19.295246
            ],
            [
              73.2391333,
              19.3006331
            ],
            [
              73.2393279,
              19.303975
            ],
            [
              73.2399272,
              19.3062832
            ],
            [
              73.2313013,
              19.3112244
            ],
            [
              73.2246494,
              19.3118319
            ],
            [
              73.2218599,
              19.3094829
            ],
            [
              73.2219886,
              19.3065262
            ],
            [
              73.2206153,
              19.3047441
            ],
            [
              73.2133197,
              19.3003293
            ],
            [
              73.2104694,
              19.2994925
            ],
            [
              73.2075209,
              19.3023012
            ],
            [
              73.2052821,
              19.3041205
            ],
            [
              73.2009257,
              19.3056267
            ],
            [
              73.1932415,
              19.3071493
            ],
            [
              73.1918558,
              19.3069118
            ],
            [
              73.1900575,
              19.3035433
            ],
            [
              73.1900139,
              19.2991083
            ],
            [
              73.1905288,
              19.296559
            ],
            [
              73.1916282,
              19.2952892
            ],
            [
              73.194475,
              19.2942975
            ],
            [
              73.1963831,
              19.2926847
            ],
            [
              73.1972977,
              19.29063
            ],
            [
              73.196496,
              19.2894073
            ],
            [
              73.1949856,
              19.2881858
            ],
            [
              73.1930625,
              19.2873808
            ],
            [
              73.1809185,
              19.285602
            ],
            [
              73.1805412,
              19.2841102
            ],
            [
              73.1786998,
              19.279212
            ],
            [
              73.1745149,
              19.2750247
            ],
            [
              73.1699115,
              19.2736025
            ],
            [
              73.1597839,
              19.2726544
            ],
            [
              73.1529206,
              19.2708372
            ],
            [
              73.1471717,
              19.2684592
            ],
            [
              73.145365,
              19.2677157
            ],
            [
              73.1415376,
              19.2675188
            ],
            [
              73.1381897,
              19.2704422
            ],
            [
              73.1327493,
              19.280318
            ],
            [
              73.1279366,
              19.2825894
            ],
            [
              73.1230265,
              19.2814219
            ],
            [
              73.114231,
              19.2793305
            ],
            [
              73.1036942,
              19.2715675
            ],
            [
              73.1018854,
              19.2670843
            ],
            [
              73.1042918,
              19.2618497
            ],
            [
              73.113416,
              19.2532837
            ],
            [
              73.1143356,
              19.2515776
            ],
            [
              73.1161703,
              19.2477419
            ],
            [
              73.1163482,
              19.2473699
            ],
            [
              73.1158746,
              19.2425262
            ],
            [
              73.1144539,
              19.2378313
            ],
            [
              73.1142811,
              19.2375917
            ],
            [
              73.1119281,
              19.2343287
            ],
            [
              73.107587,
              19.232242
            ],
            [
              73.1024565,
              19.232093
            ],
            [
              73.1020238,
              19.2322187
            ],
            [
              73.0983521,
              19.2332854
            ],
            [
              73.0925902,
              19.2385765
            ],
            [
              73.0880912,
              19.2414829
            ],
            [
              73.0824871,
              19.2422281
            ],
            [
              73.0777513,
              19.2410358
            ],
            [
              73.0762289,
              19.2398943
            ],
            [
              73.0723228,
              19.2369656
            ],
            [
              73.0697004,
              19.2349994
            ],
            [
              73.0668589,
              19.2314968
            ],
            [
              73.0666221,
              19.2274723
            ],
            [
              73.0674114,
              19.2198704
            ],
            [
              73.0673081,
              19.2174886
            ],
            [
              73.0671033,
              19.212763
            ],
            [
              73.0612277,
              19.2031328
            ],
            [
              73.0618071,
              19.2008226
            ],
            [
              73.0622792,
              19.2005389
            ],
            [
              73.0646181,
              19.1995865
            ],
            [
              73.0651974,
              19.198634
            ],
            [
              73.0662274,
              19.197783
            ],
            [
              73.0669784,
              19.1969116
            ],
            [
              73.0688667,
              19.1968508
            ],
            [
              73.0707121,
              19.1964658
            ],
            [
              73.0709481,
              19.1917035
            ],
            [
              73.0706262,
              19.1905484
            ],
            [
              73.0727505,
              19.189981
            ],
            [
              73.0742955,
              19.1899404
            ],
            [
              73.0757975,
              19.1895757
            ],
            [
              73.0768919,
              19.1883192
            ],
            [
              73.0768489,
              19.1866777
            ],
            [
              73.0770635,
              19.1850767
            ],
            [
              73.0735874,
              19.1849754
            ],
            [
              73.0706906,
              19.1863129
            ],
            [
              73.0687809,
              19.1846309
            ],
            [
              73.0676436,
              19.1840431
            ],
            [
              73.0673218,
              19.1830501
            ],
            [
              73.0677724,
              19.181976
            ],
            [
              73.0676114,
              19.1809323
            ],
            [
              73.0697572,
              19.1781557
            ],
            [
              73.0680942,
              19.1764635
            ],
            [
              73.0680254,
              19.1752997
            ],
            [
              73.0675659,
              19.1743467
            ],
            [
              73.0675515,
              19.1741434
            ],
            [
              73.0676386,
              19.1739402
            ],
            [
              73.0679038,
              19.1735374
            ],
            [
              73.0685931,
              19.1732182
            ],
            [
              73.0702748,
              19.1725214
            ],
            [
              73.0714416,
              19.1725012
            ],
            [
              73.0719137,
              19.1721668
            ],
            [
              73.0718493,
              19.1717614
            ],
            [
              73.0717206,
              19.1714067
            ],
            [
              73.0712914,
              19.171275
            ],
            [
              73.0699373,
              19.1708701
            ],
            [
              73.0698503,
              19.1704449
            ],
            [
              73.0699103,
              19.1699205
            ],
            [
              73.0704188,
              19.1691429
            ],
            [
              73.0707764,
              19.1673025
            ],
            [
              73.0714845,
              19.1661472
            ],
            [
              73.0725574,
              19.1644649
            ],
            [
              73.0725924,
              19.164353
            ],
            [
              73.0734587,
              19.1622151
            ],
            [
              73.0735659,
              19.1593977
            ],
            [
              73.0736303,
              19.1579384
            ],
            [
              73.0731583,
              19.1566006
            ],
            [
              73.0733192,
              19.1551108
            ],
            [
              73.073759,
              19.1536108
            ],
            [
              73.0740702,
              19.1530382
            ],
            [
              73.0745798,
              19.1527088
            ],
            [
              73.0748319,
              19.1519183
            ],
            [
              73.0751485,
              19.1509251
            ],
            [
              73.0753416,
              19.1486142
            ],
            [
              73.0755776,
              19.1461159
            ],
            [
              73.0758155,
              19.1449865
            ],
            [
              73.0759906,
              19.1438303
            ],
            [
              73.0763662,
              19.142685
            ],
            [
              73.0775249,
              19.1421782
            ],
            [
              73.078866,
              19.1424519
            ],
            [
              73.0793059,
              19.143952
            ],
            [
              73.079896,
              19.1440533
            ],
            [
              73.0824602,
              19.1431614
            ],
            [
              73.084456,
              19.1426483
            ],
            [
              73.085475,
              19.1429384
            ],
            [
              73.0860328,
              19.1440128
            ],
            [
              73.0869341,
              19.1446817
            ],
            [
              73.0879855,
              19.1474385
            ],
            [
              73.0916118,
              19.1496075
            ],
            [
              73.0921912,
              19.1529723
            ],
            [
              73.0927491,
              19.1548574
            ],
            [
              73.0937791,
              19.1559925
            ],
            [
              73.0951953,
              19.156033
            ],
            [
              73.0979314,
              19.1555738
            ],
            [
              73.0984424,
              19.1555408
            ],
            [
              73.0990725,
              19.15564
            ],
            [
              73.0995415,
              19.1559574
            ],
            [
              73.1000315,
              19.1563607
            ],
            [
              73.1004515,
              19.1569162
            ],
            [
              73.1007875,
              19.1572865
            ],
            [
              73.1010116,
              19.1577957
            ],
            [
              73.1012426,
              19.1581131
            ],
            [
              73.1015156,
              19.1583115
            ],
            [
              73.1015716,
              19.1587876
            ],
            [
              73.1016906,
              19.1592835
            ],
            [
              73.1018516,
              19.1595017
            ],
            [
              73.1022996,
              19.1595546
            ],
            [
              73.1027266,
              19.1594488
            ],
            [
              73.1033077,
              19.1591579
            ],
            [
              73.1039027,
              19.1584768
            ],
            [
              73.1041967,
              19.1579891
            ],
            [
              73.1054305,
              19.1585262
            ],
            [
              73.1051731,
              19.1612625
            ],
            [
              73.1056022,
              19.1639785
            ],
            [
              73.1116962,
              19.1680322
            ],
            [
              73.1120395,
              19.1724911
            ],
            [
              73.1232833,
              19.1855429
            ],
            [
              73.1349992,
              19.1854618
            ],
            [
              73.13663,
              19.1835162
            ],
            [
              73.1401062,
              19.1815707
            ],
            [
              73.142209,
              19.1834352
            ],
            [
              73.1467151,
              19.1835568
            ],
            [
              73.1541823,
              19.1775985
            ],
            [
              73.1663703,
              19.1779835
            ],
            [
              73.1669926,
              19.1814086
            ],
            [
              73.1638383,
              19.1852592
            ],
            [
              73.1630229,
              19.1888462
            ],
            [
              73.1611776,
              19.1905282
            ],
            [
              73.1608664,
              19.1923724
            ],
            [
              73.1599545,
              19.1925546
            ],
            [
              73.15974,
              19.1947534
            ],
            [
              73.1601691,
              19.1958173
            ],
            [
              73.1594825,
              19.1984416
            ],
            [
              73.1577766,
              19.1985429
            ],
            [
              73.1576586,
              19.200316
            ],
            [
              73.157814,
              19.201967
            ],
            [
              73.1571547,
              19.2025467
            ],
            [
              73.1574855,
              19.2030524
            ],
            [
              73.1572723,
              19.2046728
            ],
            [
              73.1576049,
              19.204926
            ],
            [
              73.158077,
              19.2047842
            ],
            [
              73.1581521,
              19.2052958
            ],
            [
              73.1590962,
              19.2051388
            ],
            [
              73.159225,
              19.20523
            ],
            [
              73.1575835,
              19.2065167
            ],
            [
              73.1552499,
              19.2098652
            ],
            [
              73.1543058,
              19.2118205
            ],
            [
              73.1539302,
              19.2121955
            ],
            [
              73.1529701,
              19.2123727
            ],
            [
              73.1529968,
              19.2139735
            ],
            [
              73.1535387,
              19.2149561
            ],
            [
              73.1532891,
              19.2169166
            ],
            [
              73.1533535,
              19.219971
            ]
          ]
        ]
      },
      "id": "relation/13184538"
    },
    {
      "type": "Feature",
      "properties": {
        "@id": "way/353812456",
        "@relations": [
          {
            "role": "seat",
            "rel": 13180880,
            "reltags": {
              "admin_level": "8",
              "boundary": "administrative",
              "name": "Navi Mumbai",
              "type": "boundary",
              "wikidata": "Q61445"
            }
          }
        ]
      },
      "geometry": {
        "type": "LineString",
        "coordinates": [
          [
            73.0280527,
            19.0101804
          ],
          [
            73.0279463,
            19.0101373
          ],
          [
            73.0278317,
            19.0101213
          ],
          [
            73.0277166,
            19.0101335
          ],
          [
            73.0276642,
            19.0101525
          ],
          [
            73.0276426,
            19.0101156
          ],
          [
            73.0275387,
            19.0101726
          ],
          [
            73.0275618,
            19.0102051
          ],
          [
            73.0275149,
            19.0102373
          ],
          [
            73.0274416,
            19.0103221
          ],
          [
            73.027396,
            19.0104196
          ],
          [
            73.0273812,
            19.0105067
          ],
          [
            73.0273867,
            19.0105882
          ],
          [
            73.0273411,
            19.0105983
          ],
          [
            73.0273759,
            19.0107205
          ],
          [
            73.0274206,
            19.0107056
          ],
          [
            73.0274931,
            19.0108201
          ],
          [
            73.0275778,
            19.010903
          ],
          [
            73.0276821,
            19.0109504
          ],
          [
            73.0277738,
            19.0109694
          ],
          [
            73.0278677,
            19.01097
          ],
          [
            73.0279597,
            19.0109522
          ],
          [
            73.0280459,
            19.0109166
          ],
          [
            73.0281222,
            19.010865
          ],
          [
            73.0281533,
            19.0108918
          ],
          [
            73.02823,
            19.0108086
          ],
          [
            73.0281913,
            19.0107804
          ],
          [
            73.0282333,
            19.0107229
          ],
          [
            73.028263,
            19.0106387
          ],
          [
            73.0282737,
            19.0105504
          ],
          [
            73.0282647,
            19.010462
          ],
          [
            73.028252,
            19.0104063
          ],
          [
            73.0282213,
            19.0103494
          ],
          [
            73.0282565,
            19.010327
          ],
          [
            73.0281879,
            19.0102414
          ],
          [
            73.0281563,
            19.0102649
          ],
          [
            73.0281282,
            19.0102334
          ],
          [
            73.0280527,
            19.0101804
          ]
        ]
      },
      "id": "way/353812456"
    },
    {
      "type": "Feature",
      "properties": {
        "@id": "way/533741515",
        "@relations": [
          {
            "role": "seat",
            "rel": 13184109,
            "reltags": {
              "admin_level": "8",
              "boundary": "administrative",
              "local_authority:IN": "municipal_corporation",
              "name": "Bhiwandi - Nizampur",
              "type": "boundary"
            }
          }
        ]
      },
      "geometry": {
        "type": "LineString",
        "coordinates": [
          [
            73.0650062,
            19.2988036
          ],
          [
            73.064169,
            19.2991933
          ],
          [
            73.063609,
            19.2989813
          ],
          [
            73.0635609,
            19.298933
          ],
          [
            73.0635609,
            19.2988654
          ],
          [
            73.0636129,
            19.2988194
          ],
          [
            73.0640428,
            19.2986566
          ],
          [
            73.0645323,
            19.2984712
          ],
          [
            73.0646035,
            19.2984665
          ],
          [
            73.0646841,
            19.2984782
          ],
          [
            73.0647764,
            19.2985324
          ],
          [
            73.0648094,
            19.2985667
          ],
          [
            73.0648446,
            19.2986033
          ],
          [
            73.0648789,
            19.2985932
          ],
          [
            73.0650062,
            19.2988036
          ]
        ]
      },
      "id": "way/533741515"
    },
    {
      "type": "Feature",
      "properties": {
        "@id": "way/981111180",
        "@relations": [
          {
            "role": "seat",
            "rel": 13184373,
            "reltags": {
              "admin_level": "8",
              "alt_name": "Ambarnath",
              "boundary": "administrative",
              "local_authority:IN": "municipal_corporation",
              "name": "Ambernath",
              "type": "boundary",
              "wikidata": "Q584008",
              "wikipedia": "en:Ambarnath"
            }
          }
        ]
      },
      "geometry": {
        "type": "LineString",
        "coordinates": [
          [
            73.1876744,
            19.2121398
          ],
          [
            73.1874668,
            19.2117656
          ],
          [
            73.1876596,
            19.2116702
          ],
          [
            73.1876955,
            19.2117349
          ],
          [
            73.1876347,
            19.211765
          ],
          [
            73.1878064,
            19.2120745
          ],
          [
            73.1876744,
            19.2121398
          ]
        ]
      },
      "id": "way/981111180"
    },
    {
      "type": "Feature",
      "properties": {
        "@id": "way/981111173",
        "@relations": [
          {
            "role": "seat",
            "rel": 13184538,
            "reltags": {
              "admin_level": "8",
              "boundary": "administrative",
              "local_authority:IN": "municipal_corporation",
              "name": "Kalyan-Dombivli",
              "type": "boundary",
              "wikidata": "Q581999",
              "wikipedia": "en:Kalyan-Dombivli"
            }
          }
        ]
      },
      "geometry": {
        "type": "LineString",
        "coordinates": [
          [
            73.1289092,
            19.2405551
          ],
          [
            73.1286378,
            19.2409173
          ],
          [
            73.1280205,
            19.2406564
          ],
          [
            73.1276021,
            19.2403372
          ],
          [
            73.1277711,
            19.2402374
          ],
          [
            73.1279611,
            19.2401844
          ],
          [
            73.128417,
            19.2402135
          ],
          [
            73.1287373,
            19.240398
          ],
          [
            73.1289092,
            19.2405551
          ]
        ]
      },
      "id": "way/981111173"
    },
    {
      "type": "Feature",
      "properties": {
        "@id": "node/245683441",
        "@relations": [
          {
            "role": "admin_centre",
            "rel": 13184109,
            "reltags": {
              "admin_level": "8",
              "boundary": "administrative",
              "local_authority:IN": "municipal_corporation",
              "name": "Bhiwandi - Nizampur",
              "type": "boundary"
            }
          }
        ]
      },
      "geometry": {
        "type": "Point",
        "coordinates": [
          73.0588072,
          19.3025562
        ]
      },
      "id": "node/245683441"
    },
    {
      "type": "Feature",
      "properties": {
        "@id": "node/619091882",
        "@relations": [
          {
            "role": "admin_centre",
            "rel": 13180880,
            "reltags": {
              "admin_level": "8",
              "boundary": "administrative",
              "name": "Navi Mumbai",
              "type": "boundary",
              "wikidata": "Q61445"
            }
          }
        ]
      },
      "geometry": {
        "type": "Point",
        "coordinates": [
          73.0198537,
          19.0308262
        ]
      },
      "id": "node/619091882"
    },
    {
      "type": "Feature",
      "properties": {
        "@id": "node/969754532",
        "@relations": [
          {
            "role": "admin_centre",
            "rel": 13184373,
            "reltags": {
              "admin_level": "8",
              "alt_name": "Ambarnath",
              "boundary": "administrative",
              "local_authority:IN": "municipal_corporation",
              "name": "Ambernath",
              "type": "boundary",
              "wikidata": "Q584008",
              "wikipedia": "en:Ambarnath"
            }
          }
        ]
      },
      "geometry": {
        "type": "Point",
        "coordinates": [
          73.2004771,
          19.2015607
        ]
      },
      "id": "node/969754532"
    },
    {
      "type": "Feature",
      "properties": {
        "@id": "node/969754553",
        "@relations": [
          {
            "role": "admin_centre",
            "rel": 13180677,
            "reltags": {
              "admin_level": "8",
              "boundary": "administrative",
              "name": "Mira-Bhayander",
              "type": "boundary",
              "wikidata": "Q1006343"
            }
          }
        ]
      },
      "geometry": {
        "type": "Point",
        "coordinates": [
          72.858686,
          19.2970316
        ]
      },
      "id": "node/969754553"
    },
    {
      "type": "Feature",
      "properties": {
        "@id": "node/1600720972",
        "@relations": [
          {
            "role": "admin_centre",
            "rel": 13184538,
            "reltags": {
              "admin_level": "8",
              "boundary": "administrative",
              "local_authority:IN": "municipal_corporation",
              "name": "Kalyan-Dombivli",
              "type": "boundary",
              "wikidata": "Q581999",
              "wikipedia": "en:Kalyan-Dombivli"
            }
          }
        ]
      },
      "geometry": {
        "type": "Point",
        "coordinates": [
          73.1293186,
          19.2391602
        ]
      },
      "id": "node/1600720972"
    },
    {
      "type": "Feature",
      "properties": {
        "@id": "node/4181467395",
        "@relations": [
          {
            "role": "admin_centre",
            "rel": 7120000,
            "reltags": {
              "admin_level": "8",
              "boundary": "administrative",
              "name": "Thane",
              "name:ar": "تهاني",
              "name:en": "Thane",
              "name:hi": "ठाणे",
              "name:ja": "ターネー",
              "name:mr": "ठाणे",
              "name:pa": "ਥਾਣੇ",
              "type": "boundary",
              "wikidata": "Q207749",
              "wikipedia": "en:Thane"
            }
          }
        ]
      },
      "geometry": {
        "type": "Point",
        "coordinates": [
          72.9671722,
          19.1972286
        ]
      },
      "id": "node/4181467395"
    }
  ]
}